name,type,category,level,address,phoneNumber,id,servicePopulation
杭州锦医堂中医门诊部,医疗机构,门诊部诊所医务室村卫生室,一级,杭州市下城区中山北路608号,13777885835,杭州锦医堂中医门诊部,
杭州西湖刘长贵口腔诊所,医疗机构,门诊部诊所医务室村卫生室,一级,杭州市西湖区马腾路锦绣文苑3幢7号商铺,13003631830,杭州西湖刘长贵口腔诊所,
杭州民生多仁口腔门诊部有限公司西溪口腔门诊部,医疗机构,门诊部诊所医务室村卫生室,一级,杭州市西湖区双龙街588号西溪银泰城3-南-110,13732265517,杭州民生多仁口腔门诊部有限公司西溪口腔门诊部,
杭州萧山盈丰中医骨伤科医院,医疗机构,医院,一级,萧山区宁围街道振宁路5号；杭州萧山盈丰新华医院盈丰院区（萧山区钱江世纪城金鸡路1978、1988号）,13588408575,杭州萧山盈丰中医骨伤科医院,
杭州剑慧草堂医疗科技发展有限公司拱墅中医诊所,医疗机构,门诊部诊所医务室村卫生室,一级,杭州市拱墅区衢州街89-1、89-2、89-3一楼,13588223691,杭州剑慧草堂医疗科技发展有限公司拱墅中医诊所,
杭州市上城区紫阳街道社区卫生服务中心,医疗机构,社区卫生服务中心,社区,杭州市中山南路303号,13868170560,杭州市上城区紫阳街道社区卫生服务中心,
杭州怡宁医院,医疗机构,医院,一级,杭州市余杭区五常街道辅助南路38号,18857895851,杭州怡宁医院,
浙江家家健康控股股份有限公司萧山萧然东路内科诊所,医疗机构,门诊部诊所医务室村卫生室,一级,萧山区城厢街道萧然东路370、372号,,浙江家家健康控股股份有限公司萧山萧然东路内科诊所,
浙江省良渚强制隔离戒毒所医务室,医疗机构,门诊部诊所医务室村卫生室,一级,杭州市余杭区瓶窑镇观山路1号,88533608,浙江省良渚强制隔离戒毒所医务室,
杭州佰圣精选药房有限公司拱墅湖州街中医诊所,医疗机构,门诊部诊所医务室村卫生室,一级,拱墅区湖州街108、110号,88025701,杭州佰圣精选药房有限公司拱墅湖州街中医诊所,
杭州旭泽健康管理有限公司亮贝口腔门诊部,医疗机构,门诊部诊所医务室村卫生室,一级,杭州市下城区万家星城6幢（商）1号,17706439812,杭州旭泽健康管理有限公司亮贝口腔门诊部,
杭州九洲医疗卫生服务有限公司文华门诊部,医疗机构,门诊部诊所医务室村卫生室,一级,杭州市西湖区文一西路235号,17328866789,杭州九洲医疗卫生服务有限公司文华门诊部,
杭州宾康医院,医疗机构,医院,一级,杭州市滨江区浦沿街道东冠路279号,13655816649,杭州宾康医院,
杭州禾木口腔门诊部,医疗机构,门诊部诊所医务室村卫生室,一级,江干区中盛府13幢406室,88211980,杭州禾木口腔门诊部,
杭州佳齿健康管理有限公司德胜巷口腔诊所,医疗机构,门诊部诊所医务室村卫生室,一级,杭州市拱墅区德胜巷1-2号,15857178654,杭州佳齿健康管理有限公司德胜巷口腔诊所,
杭州余杭南一堂门诊部,医疗机构,门诊部诊所医务室村卫生室,一级,杭州市余杭区临平街道星光街651-665号,18858152258,杭州余杭南一堂门诊部,
杭州西湖区天壤口腔门诊部,医疗机构,门诊部诊所医务室村卫生室,一级,绿洲湾7幢1单元101、102室,15397927077,杭州西湖区天壤口腔门诊部,
杭州复大医疗门诊部,医疗机构,门诊部诊所医务室村卫生室,一级,杭州市东新路439号,13606505009,杭州复大医疗门诊部,
杭州市上城区小营街道社区卫生服务中心,医疗机构,社区卫生服务中心,社区,杭州市民生路13号,13666602610,杭州市上城区小营街道社区卫生服务中心,
杭州基督教协会圣爱康复医院,医疗机构,医院,一级,丁桥镇皋城村金门槛78号,88263450,杭州基督教协会圣爱康复医院,
浙江家家健康控股股份有限公司杭州拱墅广业街西医诊所,医疗机构,门诊部诊所医务室村卫生室,一级,杭州市拱墅区广业街136号,18058780379,浙江家家健康控股股份有限公司杭州拱墅广业街西医诊所,
杭州方回春堂富阳中医门诊部,医疗机构,门诊部诊所医务室村卫生室,一级,富阳区富春街144号,15968108725,杭州方回春堂富阳中医门诊部,
杭州深蓝世茂缤谷口腔门诊部,医疗机构,门诊部诊所医务室村卫生室,一级,滨江区浦沿街道世融商业中心1幢202-1、202-2,89719556,杭州深蓝世茂缤谷口腔门诊部,
杭州尚善投资管理有限公司小河口腔诊所,医疗机构,门诊部诊所医务室村卫生室,一级,杭州市拱墅区古运路91号,18758035066,杭州尚善投资管理有限公司小河口腔诊所,
杭州崇本堂健康管理有限公司三墩中医诊所,医疗机构,门诊部诊所医务室村卫生室,一级,杭州市西湖区三墩镇吉鸿路与郑家路交叉口丰盛九玺天城,15088745995,杭州崇本堂健康管理有限公司三墩中医诊所,
浙江明州康复医院,医疗机构,医院,二级,杭州市下城区永华街117号3幢,13967126840,浙江明州康复医院,
杭州利济堂中医门诊部,医疗机构,门诊部诊所医务室村卫生室,一级,杭州市上城区中河南路11号3幢112室,87151883,杭州利济堂中医门诊部,
杭州竹清中医门诊部,医疗机构,门诊部诊所医务室村卫生室,一级,杭州市下城区回龙路110号,13958029557,杭州竹清中医门诊部,
杭州君喏口腔诊所有限公司,医疗机构,门诊部诊所医务室村卫生室,一级,杭州市下城区香积寺路103号,15068778611,杭州君喏口腔诊所有限公司,
杭州茗芽口腔门诊部,医疗机构,省本级定点,一级,杭州市上城区之江路619号,0571-88085117,杭州茗芽口腔门诊部,基本、离休、子女
杭州迪安健检医疗门诊部,医疗机构,门诊部诊所医务室村卫生室,一级,杭州市西湖区城北商贸园33幢,13911332756,杭州迪安健检医疗门诊部,
杭州青丽口腔诊所,医疗机构,门诊部诊所医务室村卫生室,一级,杭州市下城区河东路27号,15868124847,杭州青丽口腔诊所,
杭州张尧生医院管理有限公司余杭东湖南路口腔门诊部,医疗机构,门诊部诊所医务室村卫生室,一级,杭州市余杭区临平南苑东湖南路320号,13588893390,杭州张尧生医院管理有限公司余杭东湖南路口腔门诊部,
杭州佳欣健康管理有限公司莲花街口腔诊所,医疗机构,门诊部诊所医务室村卫生室,一级,杭州市西湖区莲花街236号,13616528704,杭州佳欣健康管理有限公司莲花街口腔诊所,
杭州西湖周全口腔门诊部,医疗机构,门诊部诊所医务室村卫生室,一级,杭州市文一西路100-5、100-4,13335889287,杭州西湖周全口腔门诊部,
杭州微甲医院,医疗机构,医院,一级,浙江省杭州市萧山区市心北路,13735811200,杭州微甲医院,
杭州义美健康管理有限公司三义路中医门诊部,医疗机构,门诊部诊所医务室村卫生室,一级,杭州市江干区丁兰街道之三路之义苑6幢204室,15968856520,杭州义美健康管理有限公司三义路中医门诊部,
杭州泽恩口腔诊所,医疗机构,门诊部诊所医务室村卫生室,一级,下城区香积寺路65号,18758571825,杭州泽恩口腔诊所,
杭州孙泰和凤起东路中医门诊部,医疗机构,门诊部诊所医务室村卫生室,一级,杭州市江干区凤起东路与顺福路交叉口裙楼,13634193612,杭州孙泰和凤起东路中医门诊部,
杭州美视眼科门诊部,医疗机构,门诊部诊所医务室村卫生室,一级,拱墅区祥符街道东方福邸10幢10-1号1楼二楼B区,18668006710,杭州美视眼科门诊部,
杭州健齿贝口腔诊所,医疗机构,门诊部诊所医务室村卫生室,一级,西湖区厚仁路237号,87759737,杭州健齿贝口腔诊所,
浙江家家健康控股股份有限公司杭州会林路西医诊所,医疗机构,门诊部诊所医务室村卫生室,一级,杭州市江干区丁兰街道郡枫绿园西区底商12号,82695400,浙江家家健康控股股份有限公司杭州会林路西医诊所,
杭州市西湖区周浦社区服务中心,医疗机构,社区卫生服务中心,社区,杭州市西湖区周浦街1号,15869030589,杭州市西湖区周浦社区服务中心,
杭州八颗牙口腔门诊部,医疗机构,门诊部诊所医务室村卫生室,一级,拱墅区上塘路879号,8880806,杭州八颗牙口腔门诊部,
杭州延龄堂中医诊所,医疗机构,门诊部诊所医务室村卫生室,一级,杭州市下城区潮王路178号,13067816708,杭州延龄堂中医诊所,
杭州承泰中医诊所,医疗机构,门诊部诊所医务室村卫生室,一级,杭州市江干区金色黎明公寓40幢105室,13396811773,杭州承泰中医诊所,
杭州丰懿德中医诊所,医疗机构,门诊部诊所医务室村卫生室,一级,西湖区蒋村街道星洲街37号,88923827,杭州丰懿德中医诊所,
杭州江干登丝特口腔门诊部,医疗机构,门诊部诊所医务室村卫生室,一级,杭州江干区杭海路265号,81181797,杭州江干登丝特口腔门诊部,
杭州市萧山区新湾街道社区卫生服务中心,医疗机构,门诊部诊所医务室村卫生室,社区,杭州市萧山区新湾街道新湾路666号,82915025,杭州市萧山区新湾街道社区卫生服务中心,
杭州牙科医院有限公司,医疗机构,医院,一级,杭州市滨江区江南大道288号康恩贝大厦A座4楼,15180160132,杭州牙科医院有限公司,
杭州下沙健桥中西医结合门诊部,医疗机构,门诊部诊所医务室村卫生室,一级,杭州经济技术开发区海达南路111-3号商铺,0571-56705326,杭州下沙健桥中西医结合门诊部,
杭州伊扬健康管理有限公司西斗门路诊所,医疗机构,门诊部诊所医务室村卫生室,一级,杭州市文一西路西斗门路15号,13957122580,杭州伊扬健康管理有限公司西斗门路诊所,
杭州上城众仁中西医结合诊所,医疗机构,门诊部诊所医务室村卫生室,一级,杭州市上城区庆春东路113号,13588449542,杭州上城众仁中西医结合诊所,
杭州合鑫健康管理有限公司古墩路中医诊所,医疗机构,门诊部诊所医务室村卫生室,一级,杭州市西湖区古墩路381-1,87620605,杭州合鑫健康管理有限公司古墩路中医诊所,
杭州景秀医疗科技有限公司景昙中医诊所,医疗机构,门诊部诊所医务室村卫生室,一级,杭州市江干区景昙路60号,0571-85395459,杭州景秀医疗科技有限公司景昙中医诊所,
杭州胡庆余堂国药号有限公司第四中医门诊部,医疗机构,门诊部诊所医务室村卫生室,一级,杭州市西湖区古墩路565号,18668118090,杭州胡庆余堂国药号有限公司第四中医门诊部,
杭州余杭浙太中医医院,医疗机构,医院,一级,余杭区临平街道丁山路6号1幢1层，1幢三层321-328室，2幢三层301~320室,89260999,杭州余杭浙太中医医院,
杭州布菲健康管理有限公司田园牧歌口腔诊所,医疗机构,门诊部诊所医务室村卫生室,一级,浙江省杭州市拱墅区田园牧歌公寓麓云苑3幢1、2号,18268005182,杭州布菲健康管理有限公司田园牧歌口腔诊所,
杭州方回春堂寿仙谷中医门诊部,医疗机构,门诊部诊所医务室村卫生室,一级,杭州市下城区环城东路339号二楼,87385870,杭州方回春堂寿仙谷中医门诊部,
杭州因普朗健康管理有限公司杭印街口腔门诊部,医疗机构,省本级定点,一级,杭州市拱墅区杭印街187号,18868729055,杭州因普朗健康管理有限公司杭印街口腔门诊部,基本、离休、子女
杭州立健医疗门诊部有限公司,医疗机构,省本级定点,一级,杭州市转塘街道定山家园商铺二楼2号,18868780787,杭州立健医疗门诊部有限公司,基本、离休、子女
修元医疗科技有限公司都市水乡口腔诊所,医疗机构,门诊部诊所医务室村卫生室,一级,拱墅区都市水乡曲苑商铺12号,13750833577,修元医疗科技有限公司都市水乡口腔诊所,
杭州乾圣元堂中医诊所,医疗机构,门诊部诊所医务室村卫生室,一级,杭州市上城区劳动路166号,85116999,杭州乾圣元堂中医诊所,
杭州舒氏中医诊所,医疗机构,门诊部诊所医务室村卫生室,一级,机场路163号,13588449542,杭州舒氏中医诊所,
杭州德聚顺健康管理有限公司余杭南苑藕花洲大街诊所,医疗机构,门诊部诊所医务室村卫生室,一级,杭州市余杭区南苑街道藕花洲大街186/188号,13386512152,杭州德聚顺健康管理有限公司余杭南苑藕花洲大街诊所,
杭州铸仁元顺中医诊所,医疗机构,门诊部诊所医务室村卫生室,一级,杭州市下城区康华路229号,18958004233,杭州铸仁元顺中医诊所,
浙江省第二监狱医院,医疗机构,医院,一级,浙江省杭州市余杭区临平街道安平路2号,13968098211,浙江省第二监狱医院,
浙江第一健康医疗管理有限公司杭州深泰医疗综合门诊部,医疗机构,门诊部诊所医务室村卫生室,一级,浙江省杭州市富春路290号钱江形成钱江国际时代广场1幢301-1室及3幢301室,13666636257,浙江第一健康医疗管理有限公司杭州深泰医疗综合门诊部,
杭州宝善堂中西医结合门诊部,医疗机构,门诊部诊所医务室村卫生室,一级,杭州市下城区环城北路141号201室,13735531009,杭州宝善堂中西医结合门诊部,
杭州大合口腔门诊部,医疗机构,门诊部诊所医务室村卫生室,一级,杭州市西溪路963号,18668202046,杭州大合口腔门诊部,
浙江工商大学下沙校区卫生所,医疗机构,门诊部诊所医务室村卫生室,一级,杭州下沙高教园区东区学正街18号,15158090818,浙江工商大学下沙校区卫生所,
中国人民武装警察部队浙江省总队医院,医疗机构,医院,三级,浙江省杭州市滨江区西兴街道江南大道86号,0571-56634125,中国人民武装警察部队浙江省总队医院,
杭州方回春堂塘栖中医门诊部,医疗机构,门诊部诊所医务室村卫生室,一级,杭州市余杭区塘栖镇西石塘街2-8号,18357927214,杭州方回春堂塘栖中医门诊部,
杭州余杭华方荆丰中医诊所,医疗机构,门诊部诊所医务室村卫生室,一级,余杭区五常街道西溪花城15幢103、104室,15538884221,杭州余杭华方荆丰中医诊所,
浙江省第四监狱医院,医疗机构,医院,一级,杭州市余杭区丘山大街1号,15906668866,浙江省第四监狱医院,
杭州孝福健康管理有限公司古墩路中医诊所,医疗机构,门诊部诊所医务室村卫生室,一级,杭州市西湖区金田花园一号楼12室,13205816108,杭州孝福健康管理有限公司古墩路中医诊所,
杭州菁华妇儿医院,医疗机构,门诊部诊所医务室村卫生室,一级,杭州市西湖区天目山路182号A座,,杭州菁华妇儿医院,
杭州市西湖区文新街道社区卫生服务中心,医疗机构,社区卫生服务中心,社区,古墩路456号,15355491175,杭州市西湖区文新街道社区卫生服务中心,
杭州中兴医院,医疗机构,省本级定点,一级,上城区秋涛路264号1-7楼,13655710241,杭州中兴医院,基本、离休、子女
杭州英特怡年药房连锁有限公司清吟街诊所,医疗机构,门诊部诊所医务室村卫生室,一级,上城区清吟街7号,81398710,杭州英特怡年药房连锁有限公司清吟街诊所,
杭州西湖之江眼科医院,医疗机构,医院,三级,杭州市西湖区转塘街道象山农居D12组团1号楼,87398333,杭州西湖之江眼科医院,
杭州湘雅医学研究所(江干)医鹊堂中医专科门诊部,医疗机构,门诊部诊所医务室村卫生室,一级,杭州市江干区九堡新村新江花园底层商铺2-3号,13588214269,杭州湘雅医学研究所(江干)医鹊堂中医专科门诊部,
杭州吉彩牙艺秀口腔诊所,医疗机构,门诊部诊所医务室村卫生室,一级,杭州市江干区环站东路898号,88099863,杭州吉彩牙艺秀口腔诊所,
杭州（国际）牙科医院,医疗机构,门诊部诊所医务室村卫生室,一级,余杭临平沿山路186号,85089079,杭州（国际）牙科医院,
杭州德医堂健康管理有限公司长阳路中医诊所,医疗机构,门诊部诊所医务室村卫生室,一级,杭州市拱墅区长阳路484-2号、486、488、490号,13957109913,杭州德医堂健康管理有限公司长阳路中医诊所,
中国人民解放军联勤保障部队第九〇三医院,医疗机构,医院,三级,杭州市灵隐路14号,15968884788,中国人民解放军联勤保障部队第九〇三医院,
杭州爱牙口腔门诊部有限公司,医疗机构,门诊部诊所医务室村卫生室,一级,杭州市上城区婺江路388号1-22,13805787938,杭州爱牙口腔门诊部有限公司,
杭州精点健康管理有限公司萧山万达中路中医诊所,医疗机构,门诊部诊所医务室村卫生室,一级,萧山区闻堰街道万达中路90号,82653526,杭州精点健康管理有限公司萧山万达中路中医诊所,
杭州亮贝美口腔医院,医疗机构,医院,一级,浙江省杭州市江干区浙商国际中心1幢301-318室,5670080,杭州亮贝美口腔医院,
浙江科技学院卫生所,医疗机构,门诊部诊所医务室村卫生室,一级,杭州市留和路318号,13819190112,浙江科技学院卫生所,
杭州市临平区中医院,医疗机构,医院,三级,杭州市余杭区塘栖镇运城街101号,18072979019,杭州市临平区中医院,
杭州安都医疗投资管理有限公司萧山南秀路口腔诊所,医疗机构,门诊部诊所医务室村卫生室,一级,杭州市萧山区新塘街道南秀路1189、’1191号,82760962,杭州安都医疗投资管理有限公司萧山南秀路口腔诊所,
杭州杏联医疗管理有限公司体育场路医疗门诊部,医疗机构,门诊部诊所医务室村卫生室,一级,杭州市下城区中山北路445号一，二楼,15657102598,杭州杏联医疗管理有限公司体育场路医疗门诊部,
杭州杭典健康管理有限公司文二西路口腔门诊部,医疗机构,门诊部诊所医务室村卫生室,一级,西湖区文二西路220、222号,87087737,杭州杭典健康管理有限公司文二西路口腔门诊部,
西湖鼎好口腔门诊部,医疗机构,门诊部诊所医务室村卫生室,一级,杭州市西湖区莲花街284、286、290号,13819188520,西湖鼎好口腔门诊部,
浙江家家健康控股股份有限公司萧山崇化诊所,医疗机构,门诊部诊所医务室村卫生室,一级,杭州市萧山区蜀山街道崇化路370、572号,13967117873,浙江家家健康控股股份有限公司萧山崇化诊所,
杭州聚乾生物科技有限公司滨安路中医诊所,医疗机构,门诊部诊所医务室村卫生室,一级,杭州市滨江区滨安路234-1号,18958005786,杭州聚乾生物科技有限公司滨安路中医诊所,
杭州宸浠健康管理有限公司转塘家园口腔门诊部,医疗机构,门诊部诊所医务室村卫生室,一级,杭州市西湖区转塘街道转塘家园36幢104-1号,85359575,杭州宸浠健康管理有限公司转塘家园口腔门诊部,
杭州济邻健康管理有限公司河滨之城中医诊所,医疗机构,门诊部诊所医务室村卫生室,一级,杭州市西湖区蒋村街道西溪河滨之城雨澜轩13幢底商5号,15375355776,杭州济邻健康管理有限公司河滨之城中医诊所,
杭州真葆堂中医诊所,医疗机构,门诊部诊所医务室村卫生室,一级,杭州市江干区四季青街道钱塘府1幢底商4,86755226,杭州真葆堂中医诊所,
杭州市拱墅区和睦街道社区卫生服务中心（杭州和睦医院）,医疗机构,社区卫生服务中心,社区,杭州市莫干山路642号,13588063003,杭州市拱墅区和睦街道社区卫生服务中心（杭州和睦医院）,
杭州格睿斯口腔,医疗机构,门诊部诊所医务室村卫生室,一级,拱墅区学院北路34号,15868888806,杭州格睿斯口腔,
杭州鹤济堂中医连锁有限公司机场路中医诊所,医疗机构,门诊部诊所医务室村卫生室,一级,杭州市江干区闸弄口街道三里新城兰苑13幢1#二楼,15088745995,杭州鹤济堂中医连锁有限公司机场路中医诊所,
杭州市上城区缘外缘颐养中心医务室,医疗机构,门诊部诊所医务室村卫生室,一级,杭州市上城区松岭路92号,15168216813,杭州市上城区缘外缘颐养中心医务室,
杭州素问中医诊所,医疗机构,门诊部诊所医务室村卫生室,一级,杭州市西湖区丰谭路227号,87753560,杭州素问中医诊所,
杭州韩鹏健康管理有限公司莲花街口腔诊所,医疗机构,门诊部诊所医务室村卫生室,一级,莲花街105-1号,13634158090,杭州韩鹏健康管理有限公司莲花街口腔诊所,
杭州儿童口腔医院,医疗机构,门诊部诊所医务室村卫生室,一级,杭州市滨江区江南大道288号1幢102.202.302室,18639881858,杭州儿童口腔医院,
杭州西傲健康管理有限公司绿地运河商务中心口腔诊所,医疗机构,门诊部诊所医务室村卫生室,一级,杭州市拱墅区大关路98号绿地运河商务中心3幢111、112室中心,18311287762,杭州西傲健康管理有限公司绿地运河商务中心口腔诊所,
浙江体育职业技术学院附属体育医院,医疗机构,医院,一级,杭州市萧山区高教园区内,13958066925,浙江体育职业技术学院附属体育医院,
杭州存真健康管理有限公司萧山江南星城中医诊所,医疗机构,门诊部诊所医务室村卫生室,一级,萧山区北干街道江南国际城商铺1-13,13675835997,杭州存真健康管理有限公司萧山江南星城中医诊所,
杭州松鹿堂医院,医疗机构,医院,一级,杭州市江干区天鹤路318号27号楼,15858122961,杭州松鹿堂医院,
浙江家家健康控股股份有限公司富阳永兴路诊所,医疗机构,门诊部诊所医务室村卫生室,一级,富阳区富春街道永兴路87、89、91、93号,82828505,浙江家家健康控股股份有限公司富阳永兴路诊所,
浙江省肿瘤医院,医疗机构,医院,三级,浙江省杭州市拱墅区半山街道半山东路1号,0571-88122533,浙江省肿瘤医院,
杭州消防医院,医疗机构,医院,二级,哑巴弄6号,88907877,杭州消防医院,
杭州宏顺中医诊所有限公司,医疗机构,门诊部诊所医务室村卫生室,一级,余杭区良褚镇亲亲家园三和大街23号,88777742,杭州宏顺中医诊所有限公司,
杭州科瓦莱福仕口腔门诊部,医疗机构,门诊部诊所医务室村卫生室,一级,杭州市江干区新业路228号来福士中心06层19A室,88080885,杭州科瓦莱福仕口腔门诊部,
杭州善禾堂中医门诊部,医疗机构,门诊部诊所医务室村卫生室,一级,杭州市江干区凯旋路73-1号1-2楼,13958031234,杭州善禾堂中医门诊部,
杭州江干仁泽康信护理院,医疗机构,医院,一级,杭州市江干区景御路318号,13958196802,杭州江干仁泽康信护理院,
浙江国际旅行卫生保健中心医务室,医疗机构,门诊部诊所医务室村卫生室,一级,杭州市上城区富春路124号,13858197818,浙江国际旅行卫生保健中心医务室,
杭州信义健康管理有限公司信义商街中医诊所,医疗机构,门诊部诊所医务室村卫生室,一级,杭州市拱墅区信义商街153号,13868929246,杭州信义健康管理有限公司信义商街中医诊所,
浙江大学校医院,医疗机构,社区卫生服务中心,社区,"""浙江省杭州市西湖区灵隐街道玉古路20号",0571-88981591,浙江大学校医院,
杭州灸一灸健康管理有限公司工农路中医诊所,医疗机构,门诊部诊所医务室村卫生室,一级,江干区三里新城柳苑1幢底商,13805724460,杭州灸一灸健康管理有限公司工农路中医诊所,
杭州丽昕口腔医疗有限公司余杭致美口腔诊所,医疗机构,门诊部诊所医务室村卫生室,一级,余杭区良褚街道蓝郡华庭1-12室,88651325,杭州丽昕口腔医疗有限公司余杭致美口腔诊所,
杭州西湖陈爱玲口腔诊所,医疗机构,门诊部诊所医务室村卫生室,一级,杭州市西湖区三墩镇城北商贸园49幢5单元102室、118室,56252030,杭州西湖陈爱玲口腔诊所,
杭州怡康中医肿瘤医院,医疗机构,医院,一级,杭州市下城区洄龙湖邸43幢,85288584,杭州怡康中医肿瘤医院,
杭州易岐轩中医诊所,医疗机构,门诊部诊所医务室村卫生室,一级,杭州市下城区嘉联华铭座101室,18701884865,杭州易岐轩中医诊所,
杭州初心堂中医门诊部,医疗机构,门诊部诊所医务室村卫生室,一级,杭州市滨江区汉江路1660、1662号,15868166888,杭州初心堂中医门诊部,
杭州颐真堂中医诊所,医疗机构,省本级定点,一级,拱墅区广业街266号,86379856,杭州颐真堂中医诊所,基本、离休、子女
杭州名一口腔门诊部,医疗机构,门诊部诊所医务室村卫生室,一级,杭州市滨江区伟业路483号,18868718896,杭州名一口腔门诊部,
杭州德宜吾安医疗门诊部,医疗机构,门诊部诊所医务室村卫生室,一级,杭州市下城区文晖路271号越都商务大厦裙楼2楼,85331372,杭州德宜吾安医疗门诊部,
浙江佳尔仕医疗科技有限公司和达城口腔门诊部,医疗机构,门诊部诊所医务室村卫生室,一级,杭州经济技术开发区和达城5幢5-101、5-201至5-208室,13819125624,浙江佳尔仕医疗科技有限公司和达城口腔门诊部,
浙江家家健康控股股份有限公司萧山建设四路内科诊所,医疗机构,门诊部诊所医务室村卫生室,一级,萧山区建设四路2659、2661号,,浙江家家健康控股股份有限公司萧山建设四路内科诊所,
杭州同馨健康管理有限公司高技街口腔门诊部,医疗机构,门诊部诊所医务室村卫生室,一级,杭州市西湖区高技街61号,56017363,杭州同馨健康管理有限公司高技街口腔门诊部,
杭州江干仁爱医院,医疗机构,医院,一级,杭州市江干区丁兰街道沿山村山羊坞123号1号楼一、二层及综合楼一楼,13735431909,杭州江干仁爱医院,
浙江省青春医院,医疗机构,医院,二级,,0571-86961221,浙江省青春医院,
杭州乾宁斋广林中医门诊部,医疗机构,门诊部诊所医务室村卫生室,一级,上城区大井巷40号,13588828178,杭州乾宁斋广林中医门诊部,
杭州请来医院管理有限公司三里亭诊所,医疗机构,门诊部诊所医务室村卫生室,一级,杭州市江干区池塘庙路10.12.14号,13757156937,杭州请来医院管理有限公司三里亭诊所,
杭州菲格口腔门诊部,医疗机构,门诊部诊所医务室村卫生室,一级,杭州市江干区杭乔路284号益层284-1一层。284-2号,13093719009,杭州菲格口腔门诊部,
杭州弘景祥医疗科技有限公司上塘路西医诊所,医疗机构,门诊部诊所医务室村卫生室,一级,杭州市拱墅区上塘路871号一楼,13706517294,杭州弘景祥医疗科技有限公司上塘路西医诊所,
杭州西湖松鹿堂中医院,医疗机构,医院,一级,杭州市西湖区西溪路850号,,杭州西湖松鹿堂中医院,
杭州吉鸿中医门诊部,医疗机构,门诊部诊所医务室村卫生室,一级,杭州市西湖区三墩镇吉鸿家园和景苑19、20号,87657778,杭州吉鸿中医门诊部,
杭州方回春堂知和中医门诊部有限公司,医疗机构,门诊部诊所医务室村卫生室,一级,杭州市西湖区三墩镇政苑小区50幢商2室,18757699010,杭州方回春堂知和中医门诊部有限公司,
杭州关爱医疗投资有限公司萧山进化诊所,医疗机构,门诊部诊所医务室村卫生室,一级,杭州萧山区进化镇裘水坞村综合楼1楼,13362182727,杭州关爱医疗投资有限公司萧山进化诊所,
杭州景焕健康管理有限公司浦沿中医诊所,医疗机构,门诊部诊所医务室村卫生室,一级,杭州市滨江区新和路183、185号二层,13958003040,杭州景焕健康管理有限公司浦沿中医诊所,
杭州怡养医院,医疗机构,医院,一级,杭州市西湖区科海路99号,13750865701,杭州怡养医院,
杭州诺洁健康管理有限公司牙科诊所,医疗机构,门诊部诊所医务室村卫生室,一级,杭州市拱墅区都市水乡水清苑1幢1-1,13738050883,杭州诺洁健康管理有限公司牙科诊所,
杭州下城付淑萍口腔诊所,医疗机构,门诊部诊所医务室村卫生室,一级,杭州市下城区头营巷43号,18857188188,杭州下城付淑萍口腔诊所,
杭州瑞晨健康管理有限公司余杭文一西路中医门诊部,医疗机构,门诊部诊所医务室村卫生室,一级,杭州市余杭区余杭街道文一西路833号西溪风情花园澄品苑15-5、15-6、15-7-1-1，15-7-2,18857160808,杭州瑞晨健康管理有限公司余杭文一西路中医门诊部,
杭州余杭西西瑚综合门诊部,医疗机构,门诊部诊所医务室村卫生室,一级,杭州市余杭区余杭街道禹航路66号,13858110299,杭州余杭西西瑚综合门诊部,
杭州深蓝甲子健康管理有限公司西湖文化广场口腔门诊部,医疗机构,门诊部诊所医务室村卫生室,一级,下城区西湖文化广场8号3层301-3室,86828729,杭州深蓝甲子健康管理有限公司西湖文化广场口腔门诊部,
杭州宋杏春堂中医诊所,医疗机构,门诊部诊所医务室村卫生室,一级,杭州市上城区建国南路143-145号,87168830,杭州宋杏春堂中医诊所,
杭州罗强健康管理有限公司塘河口腔诊所,医疗机构,门诊部诊所医务室村卫生室,一级,杭州市拱墅区塘河路15-19号,15925608822,杭州罗强健康管理有限公司塘河口腔诊所,
杭州明州脑康康复医院,医疗机构,医院,一级,杭州市萧山区宁围街道利华路1187号（1层、1A层、2层、3层、10层、11层）,15158087036,杭州明州脑康康复医院,
杭州延庆堂药店有限公司中山中路中医坐堂医诊所,医疗机构,门诊部诊所医务室村卫生室,一级,杭州市上城区中山中路513、515号二楼,13357198369,杭州延庆堂药店有限公司中山中路中医坐堂医诊所,
杭州御方堂康合中医诊所,医疗机构,门诊部诊所医务室村卫生室,一级,杭州市拱墅区安潭街139、141号二楼,13588505873,杭州御方堂康合中医诊所,
杭州仲博堂中医门诊部,医疗机构,门诊部诊所医务室村卫生室,一级,杭州市拱墅区花园岗街36号1层,86038757,杭州仲博堂中医门诊部,
杭州千麦医学检验所有限公司,医疗机构,门诊部诊所医务室村卫生室,一级,杭州市余杭区余杭街道华一路2号4号楼,13777413492,杭州千麦医学检验所有限公司,
杭州余杭安格翡翠口腔门诊部,医疗机构,门诊部诊所医务室村卫生室,一级,余杭区闲林街道翡翠城商业中心翡翠天地商苑5幢5-1-9室,15267171512,杭州余杭安格翡翠口腔门诊部,
杭州艾维医疗投资管理有限公司西溪路口腔诊所,医疗机构,门诊部诊所医务室村卫生室,一级,杭州市西湖区西溪路527-20、527-21号,87253925,杭州艾维医疗投资管理有限公司西溪路口腔诊所,
杭州众享健康管理有限公司紫荆花路中医诊所,医疗机构,门诊部诊所医务室村卫生室,一级,杭州市西湖区紫荆花路386号,15858216043,杭州众享健康管理有限公司紫荆花路中医诊所,
杭州海关医务室（黄龙办公区）,医疗机构,门诊部诊所医务室村卫生室,一级,西湖区黄龙路7号,13858197818,杭州海关医务室（黄龙办公区）,
杭州皓齿健康管理有限公司文二西路口腔诊所,医疗机构,门诊部诊所医务室村卫生室,一级,西湖区文二西路592号、596号,85055975,杭州皓齿健康管理有限公司文二西路口腔诊所,
杭州剑慧草堂中医门诊部,医疗机构,门诊部诊所医务室村卫生室,一级,杭州市滨江区启智街779号、江陵路1387号、江陵路1389号,13588223691,杭州剑慧草堂中医门诊部,
杭州天禹物业管理服务有限公司盛康诊所,医疗机构,门诊部诊所医务室村卫生室,一级,杭州市滨江区江南铭庭171号商铺,18069783990,杭州天禹物业管理服务有限公司盛康诊所,
浙江省农业科学院卫生所,医疗机构,门诊部诊所医务室村卫生室,一级,杭州市石桥路198号,18857870189,浙江省农业科学院卫生所,
杭州余杭口腔医院,医疗机构,医院,一级,余杭区南苑街道世纪大道168号401-410室,13588091158,杭州余杭口腔医院,
杭州德合堂中医门诊部,医疗机构,省本级定点,一级,上城区建国南路227号,13082811139,杭州德合堂中医门诊部,基本、离休、子女
杭州萧山石岩医院,医疗机构,医院,一级,杭州市萧山区宁围街道盈一村(鸿宁路萧山区万向中学东侧）,13777386835,杭州萧山石岩医院,
杭州健安医疗门诊部,医疗机构,门诊部诊所医务室村卫生室,一级,下城区兴业街56号1幢111室健安门诊部,18650248727,杭州健安医疗门诊部,
杭州市余杭区闲林街道社区卫生服务中心,医疗机构,社区卫生服务中心,社区,余杭区闲林镇卫生院,18057109172,杭州市余杭区闲林街道社区卫生服务中心,
杭州市临平区中西医结合医院,医疗机构,医院,二级,杭州市临平区保健路15号,86163534,杭州市临平区中西医结合医院,
杭州绿城口腔医院,医疗机构,医院,二级,杭州市西湖区紫荆花路267号,85288111,杭州绿城口腔医院,
杭州惠雅口腔诊所有限公司,医疗机构,门诊部诊所医务室村卫生室,一级,杭州市江干区丁桥景园南苑10号,13805713635,杭州惠雅口腔诊所有限公司,
杭州市萧山区中医院,医疗机构,医院,三级,杭州市萧山区城厢街道育才路156号,82732288-2053,杭州市萧山区中医院,
杭州华方医疗投资管理有限公司松乔街诊所,医疗机构,门诊部诊所医务室村卫生室,一级,杭州经济技术开发区松乔街528号商铺,,杭州华方医疗投资管理有限公司松乔街诊所,
杭州东仁堂东文中医门诊部,医疗机构,门诊部诊所医务室村卫生室,一级,杭州市下城区万家星城8幢底商2号,88121798,杭州东仁堂东文中医门诊部,
浙江家家健康控股股份有限公司杭州拱墅湖墅南路西医诊所,医疗机构,门诊部诊所医务室村卫生室,一级,杭州市拱墅区湖墅南路292号,18058780379,浙江家家健康控股股份有限公司杭州拱墅湖墅南路西医诊所,
桐庐县富春江中心卫生院,医疗机构,卫生院,社区,0,58592884,桐庐县富春江中心卫生院,
杭州圣美口腔诊所,医疗机构,门诊部诊所医务室村卫生室,一级,杭州市江干区新风路667号商铺101.202室,0571-85350575,杭州圣美口腔诊所,
杭州扶阳堂健康管理咨询有限公司月明中医诊所,医疗机构,门诊部诊所医务室村卫生室,一级,杭州市滨江区新州花苑住宅小区269号,13376827600,杭州扶阳堂健康管理咨询有限公司月明中医诊所,
杭州万卓堂中医门诊部,医疗机构,门诊部诊所医务室村卫生室,一级,西湖区留和路135号UN公社3幢留和路135-2室,57186896839,杭州万卓堂中医门诊部,
杭州天晖健康管理有限公司百田巷口腔门诊部,医疗机构,门诊部诊所医务室村卫生室,一级,江干区百田巷1-6号,13575758537,杭州天晖健康管理有限公司百田巷口腔门诊部,
杭州众佳健康管理有限公司古墩路中医诊所,医疗机构,门诊部诊所医务室村卫生室,一级,杭州市西湖区三墩镇古墩路1328-2号,18506831211,杭州众佳健康管理有限公司古墩路中医诊所,
杭州品凯健康管理有限公司盈佳口腔诊所,医疗机构,门诊部诊所医务室村卫生室,一级,杭州市上城区钱江路417号,88081352,杭州品凯健康管理有限公司盈佳口腔诊所,
杭州周道健康管理有限公司水秀苑中医诊所,医疗机构,门诊部诊所医务室村卫生室,一级,杭州西湖区三墩路456号-2、458号2层,18989467527,杭州周道健康管理有限公司水秀苑中医诊所,
杭州萧山微医门诊部,医疗机构,门诊部诊所医务室村卫生室,一级,杭州市萧山区金城路160号华瑞汇金中心微医全科,13357176603,杭州萧山微医门诊部,
杭州拱墅振康中医诊所,医疗机构,门诊部诊所医务室村卫生室,一级,杭州市拱墅区半山路4-4号,13388438287,杭州拱墅振康中医诊所,
浙江家家健康控股股份有限公司余杭山西园路诊所,医疗机构,门诊部诊所医务室村卫生室,一级,杭州市余杭区余杭街道山西园路127、129号,,浙江家家健康控股股份有限公司余杭山西园路诊所,
杭州市江干宋氏口腔诊所,医疗机构,门诊部诊所医务室村卫生室,一级,杭州市江干区顺福路263号,15958181518,杭州市江干宋氏口腔诊所,
杭州余杭莫氏中西医结合门诊部有限公司,医疗机构,门诊部诊所医务室村卫生室,一级,杭州市余杭区东湖中路18号23-25号,13656813333,杭州余杭莫氏中西医结合门诊部有限公司,
杭州诚铭门诊部,医疗机构,门诊部诊所医务室村卫生室,一级,浦沿街道杨家墩商业街1号楼,13185007976,杭州诚铭门诊部,
浙江省乔司监狱医院,医疗机构,医院,一级,杭州经济技术开发区星野花苑,86933122,浙江省乔司监狱医院,
杭州易康堂中医诊所,医疗机构,门诊部诊所医务室村卫生室,一级,浙江省杭州市上城区斗富三桥50号,13857121612,杭州易康堂中医诊所,
杭州市西湖区查金华中医诊所,医疗机构,门诊部诊所医务室村卫生室,一级,杭州市西湖区南天巷8号,18958063228,杭州市西湖区查金华中医诊所,
杭州市拱墅区大关上塘街道社区卫生服务中心,医疗机构,社区卫生服务中心,社区,上塘路518号,13958042543,杭州市拱墅区大关上塘街道社区卫生服务中心,
杭州滨江王来法中医诊所,医疗机构,门诊部诊所医务室村卫生室,一级,杭州滨江区西兴街道滨江路158号,13906500691,杭州滨江王来法中医诊所,
杭州仁捷健康管理有限公司永清路诊所,医疗机构,门诊部诊所医务室村卫生室,一级,杭州市下城区永清路202号,85354221,杭州仁捷健康管理有限公司永清路诊所,
杭州民利健康管理有限公司复兴南街口腔诊所,医疗机构,门诊部诊所医务室村卫生室,一级,杭州市上城区复兴南街227号,13588754591,杭州民利健康管理有限公司复兴南街口腔诊所,
杭州元本健康管理有限公司云涛北路中医诊所,医疗机构,门诊部诊所医务室村卫生室,一级,杭州经济技术开发区云涛北路131-133号,18867109455,杭州元本健康管理有限公司云涛北路中医诊所,
浙江中医药大学附属第二医院（浙江省新华医院）,医疗机构,医院,三级,浙江省杭州市拱墅区米市巷街道潮王路318号,0571-85267148,浙江中医药大学附属第二医院（浙江省新华医院）,
下城区武林街道长寿社区卫生服务站,医疗机构,社区卫生服务中心,社区,浙江省杭州市下城区武林街道环城西路28号,,下城区武林街道长寿社区卫生服务站,
杭州御方堂中医门诊部,医疗机构,门诊部诊所医务室村卫生室,一级,杭州市江干区三里新城荷苑4幢底商10号,,杭州御方堂中医门诊部,
杭州厚朴中医诊所,医疗机构,门诊部诊所医务室村卫生室,一级,江干区仁爱路16号一楼,13906521721,杭州厚朴中医诊所,
杭州莲子口腔门诊部,医疗机构,门诊部诊所医务室村卫生室,一级,杭州凤起东路85号-1,86789957,杭州莲子口腔门诊部,
杭州秋平健康管理有限公司丽贝口腔诊所,医疗机构,门诊部诊所医务室村卫生室,一级,杭州市拱墅区湖州街361号,19857159685,杭州秋平健康管理有限公司丽贝口腔诊所,
浙江财经大学卫生所,医疗机构,门诊部诊所医务室村卫生室,一级,杭州下沙学源街18号,15068104461,浙江财经大学卫生所,
杭州江干孟黎琦西医内科诊所,医疗机构,门诊部诊所医务室村卫生室,一级,杭州江干区凯旋路71-1号,13858013306,杭州江干孟黎琦西医内科诊所,
杭州传承中医门诊部有限公司,医疗机构,门诊部诊所医务室村卫生室,一级,杭州市下城区体育场路8-2号,13588269090,杭州传承中医门诊部有限公司,
杭州贝洁健康管理有限公司和睦路口诊所,医疗机构,省本级定点,一级,杭州市拱墅区和睦路104号,18658161261,杭州贝洁健康管理有限公司和睦路口诊所,基本、离休、子女
杭州天目山医院,医疗机构,医院,一级,杭州天目山路319号,13957116577,杭州天目山医院,
杭州北乐健康管理有限公司晓亮口腔诊所,医疗机构,门诊部诊所医务室村卫生室,一级,杭州市拱墅区祥运悦尚湾1幢1-3号,87928825,杭州北乐健康管理有限公司晓亮口腔诊所,
杭州乐高医疗门诊部,医疗机构,门诊部诊所医务室村卫生室,一级,杭州市下城区凤起路165号,13957196568,杭州乐高医疗门诊部,
杭州美意延年综合门诊部,医疗机构,门诊部诊所医务室村卫生室,一级,杭州市上城区江城路326号,15345884119,杭州美意延年综合门诊部,
杭州文苑西医内科门诊部,医疗机构,门诊部诊所医务室村卫生室,一级,杭州市文三西路105号,13645711283,杭州文苑西医内科门诊部,
浙江家家健康控股股份有限公司杭州金河弄内科诊所,医疗机构,门诊部诊所医务室村卫生室,一级,滨江区长河路金河弄142号,13967117873,浙江家家健康控股股份有限公司杭州金河弄内科诊所,
杭州市西湖区北山街道社区卫生服务中心,医疗机构,社区卫生服务中心,社区,杭州市保俶路98号,85111839,杭州市西湖区北山街道社区卫生服务中心,
杭州富阳阳光老年病医院,医疗机构,医院,一级,杭州市富阳区银湖街道高桥功能区2号。,23299500,杭州富阳阳光老年病医院,
杭州闻道堂医疗科技有限公司余杭翁梅门诊部,医疗机构,门诊部诊所医务室村卫生室,一级,杭州市余杭南苑街道青春时代华庭9-14室,13136123421,杭州闻道堂医疗科技有限公司余杭翁梅门诊部,
杭州亚尔健康管理有限公司丰庆路口腔诊所,医疗机构,门诊部诊所医务室村卫生室,一级,杭州市拱墅区都市水乡，水清苑1幢1-1号,86635451,杭州亚尔健康管理有限公司丰庆路口腔诊所,
杭州河洛中医诊所,医疗机构,门诊部诊所医务室村卫生室,一级,杭州市下城区永潮街118号,15925676609,杭州河洛中医诊所,
杭州宏状健康管理有限公司白石嘉苑中医诊所,医疗机构,门诊部诊所医务室村卫生室,一级,上城区钱塘白石嘉苑1幢底商4号二楼,15381109587,杭州宏状健康管理有限公司白石嘉苑中医诊所,
浙江美福宝妇儿医院,医疗机构,医院,一级,杭州市下城区石桥路338号,17826808374,浙江美福宝妇儿医院,
浙江家家健康控股股份有限公司余杭南苑府前路诊所,医疗机构,门诊部诊所医务室村卫生室,一级,杭州市余杭区南苑街道府前路52、54、56、58号,13396588878,浙江家家健康控股股份有限公司余杭南苑府前路诊所,
杭州之江度假区怡椿堂中医门诊部,医疗机构,门诊部诊所医务室村卫生室,一级,杭州市西湖区之江度假区杭新路美上商业中心二楼西商铺213-218,13777881530,杭州之江度假区怡椿堂中医门诊部,
杭州品凯健康管理有限公司东站口腔门诊部,医疗机构,门诊部诊所医务室村卫生室,一级,江干区东恒大厦203室-207室,88081352,杭州品凯健康管理有限公司东站口腔门诊部,
杭州余杭东吴中医医院,医疗机构,医院,一级,杭州余杭良渚街道杜甫村,15906633692,杭州余杭东吴中医医院,
杭州家庭医生健康产业有限公司飞云诊所,医疗机构,门诊部诊所医务室村卫生室,一级,杭州市上城区化仙桥路30号,13906522581,杭州家庭医生健康产业有限公司飞云诊所,
杭州市计划生育宣传技术指导站,医疗机构,社区卫生服务中心,二级,拱墅区文晖路406号,13685794436,杭州市计划生育宣传技术指导站,
杭州仁千健康管理有限公司明月桥路口腔诊所,医疗机构,门诊部诊所医务室村卫生室,一级,杭州市江干区东望府2幢底商2号,15958045385,杭州仁千健康管理有限公司明月桥路口腔诊所,
杭州长卫医院,医疗机构,门诊部诊所医务室村卫生室,一级,杭州市江干区富亿商业中心1幢底商4号、203、204、205室,0571 28212120,杭州长卫医院,
杭州华晨医疗门诊部,医疗机构,省本级定点,一级,杭州市江干区九堡家苑一区四排1-3号,15967188283,杭州华晨医疗门诊部,基本、离休、子女
杭州二义健康管理有限公司海达南路中医诊所,医疗机构,门诊部诊所医务室村卫生室,一级,杭州经济技术开发区海达南路824-3号,86921050,杭州二义健康管理有限公司海达南路中医诊所,
杭州张尧生医院管理有限公司邱山大街口腔门诊部,医疗机构,门诊部诊所医务室村卫生室,一级,杭州市余杭区临平邱山大街271号,13588893390,杭州张尧生医院管理有限公司邱山大街口腔门诊部,
杭州任督堂中医门诊部,医疗机构,门诊部诊所医务室村卫生室,一级,杭州市江干区上东领地公寓第7幢107室,18072726020,杭州任督堂中医门诊部,
杭州三慎泰中医门诊部有限公司,医疗机构,门诊部诊所医务室村卫生室,一级,杭州市上城区建国南路173号,13750838570,杭州三慎泰中医门诊部有限公司,
杭州冯督泰堂健康管理有限公司仁爱路中医诊所,医疗机构,门诊部诊所医务室村卫生室,一级,杭州市江干区仁爱路175号,13857188664,杭州冯督泰堂健康管理有限公司仁爱路中医诊所,
杭州太丞堂中医门诊部有限公司,医疗机构,门诊部诊所医务室村卫生室,一级,杭州市江干区杭乔路284、286号,15958158758,杭州太丞堂中医门诊部有限公司,
杭州农工中西医结合门诊部,医疗机构,门诊部诊所医务室村卫生室,一级,杭州市平海路27号,15957113089,杭州农工中西医结合门诊部,
杭州国御堂中医诊所,医疗机构,门诊部诊所医务室村卫生室,二级,西湖区留下街道屏基山路41号805-1,56668998,杭州国御堂中医诊所,
杭州景睿健康管理有限公司茂悦府中医诊所,医疗机构,门诊部诊所医务室村卫生室,一级,杭州市江干区茂悦府13幢底商7号、13幢底商8号（二楼）,18768159093,杭州景睿健康管理有限公司茂悦府中医诊所,
杭州德医堂健康管理有限公司紫霞街中医诊所,医疗机构,门诊部诊所医务室村卫生室,一级,西溪山水华邸2幢底商10-12号,81604816,杭州德医堂健康管理有限公司紫霞街中医诊所,
杭州家庭医生健康产业有限公司江南诊所,医疗机构,门诊部诊所医务室村卫生室,一级,杭州市滨江区月明路859号,13906522581,杭州家庭医生健康产业有限公司江南诊所,
杭州市上城区湖滨街道社区卫生服务中心,医疗机构,社区卫生服务中心,社区,杭州市上城区东平巷4号,13136153027,杭州市上城区湖滨街道社区卫生服务中心,
杭州御和健康管理有限公司文三西路中医诊所,医疗机构,省本级定点,一级,杭州市西湖区文三西路330号,88238019,杭州御和健康管理有限公司文三西路中医诊所,基本、离休、子女
杭州圣草轩医疗管理有限责任公司杭州余杭闲林中医门诊部,医疗机构,门诊部诊所医务室村卫生室,一级,杭州市余杭区闲林街道山水居紫薇苑11幢11-6室,85856202,杭州圣草轩医疗管理有限责任公司杭州余杭闲林中医门诊部,
杭州福邻健康管理有限公司余杭良褚文化村门诊部,医疗机构,门诊部诊所医务室村卫生室,一级,余杭区良褚街道良褚文化村白鹭郡南54幢54-4号,88779151,杭州福邻健康管理有限公司余杭良褚文化村门诊部,
杭州拱墅黄丽芳口腔诊所,医疗机构,门诊部诊所医务室村卫生室,一级,拱墅区锦昌文华6号,88026096,杭州拱墅黄丽芳口腔诊所,
杭州孝福健康管理有限公司竞舟路中医诊所,医疗机构,门诊部诊所医务室村卫生室,一级,杭州市西湖区南都德加公寓东区4-5幢底商5号二楼,13018912323,杭州孝福健康管理有限公司竞舟路中医诊所,
杭州拱墅区吴军伟口腔诊所,医疗机构,门诊部诊所医务室村卫生室,一级,杭州市拱墅区杭州市拱墅区登云路120-5号、120-6号,13857183483,杭州拱墅区吴军伟口腔诊所,
杭州市下城区东新街道社区卫生服务中心,医疗机构,社区卫生服务中心,社区,杭州市下城区东新路白兔墩1号、绍兴路400弄40号1-2层,86901929,杭州市下城区东新街道社区卫生服务中心,
杭州康齿恩健康管理有限公司春江彼岸口腔门诊部,医疗机构,门诊部诊所医务室村卫生室,一级,杭州市滨江区西兴街道春江彼岸公寓商铺53号,15967169992,杭州康齿恩健康管理有限公司春江彼岸口腔门诊部,
杭州铭优口腔门诊部,医疗机构,门诊部诊所医务室村卫生室,一级,浙江省杭州市江干区机场路一巷163号,18058429567,杭州铭优口腔门诊部,
杭州余杭钱爱仁堂中医门诊部,医疗机构,门诊部诊所医务室村卫生室,一级,杭州市余杭区仓前街道仓前老街52号,13325717157,杭州余杭钱爱仁堂中医门诊部,
杭州甲康医院,医疗机构,医院,一级,黄姑山路24号,13588136031,杭州甲康医院,
杭州永萃堂中医门诊部,医疗机构,门诊部诊所医务室村卫生室,一级,杭州市下城区环城东路145号,85452391,杭州永萃堂中医门诊部,
杭州欧丹口腔门诊部有限公司,医疗机构,门诊部诊所医务室村卫生室,一级,杭州市西湖区转塘街道金街美地商业中心2号楼401-415室,15957190511,杭州欧丹口腔门诊部有限公司,
杭州国嘉中医门诊部,医疗机构,门诊部诊所医务室村卫生室,一级,杭州市滨江区滨盛路4052号国信嘉苑小区18幢2层、3层,18357003000,杭州国嘉中医门诊部,
杭州西湖吴向阳口腔诊所,医疗机构,门诊部诊所医务室村卫生室,一级,杭州市西湖区紫荆花北路望月商铺151号,13989818316,杭州西湖吴向阳口腔诊所,
杭州凡思健康管理咨询有限公司中宝堂中医诊所,医疗机构,门诊部诊所医务室村卫生室,一级,杭州市西湖区古墩路303.305号二楼商铺,13588436721,杭州凡思健康管理咨询有限公司中宝堂中医诊所,
杭州众安医养投资管理有限公司萧山山水苑诊所,医疗机构,门诊部诊所医务室村卫生室,一级,杭州市萧山区蜀山街道山水苑43幢1层,15757168783,杭州众安医养投资管理有限公司萧山山水苑诊所,
杭州市余杭区良渚街道社区卫生服务中心,医疗机构,社区卫生服务中心,社区,余杭区良渚镇卫生院,88759976,杭州市余杭区良渚街道社区卫生服务中心,
杭州仁济堂中医诊所,医疗机构,门诊部诊所医务室村卫生室,一级,杭州市西湖区友知弄12号,85121598,杭州仁济堂中医诊所,
杭州易加医康福综合门诊部,医疗机构,门诊部诊所医务室村卫生室,一级,拱墅区丰源路284、286号翠锦路19号,87696659,杭州易加医康福综合门诊部,
杭州泽邻健康管理有限公司六号大街诊所,医疗机构,门诊部诊所医务室村卫生室,一级,杭州市江干区下沙经济开发区六号大街324-326号,13067777017,杭州泽邻健康管理有限公司六号大街诊所,
杭州博养医院,医疗机构,医院,一级,杭州市德胜中路369号,18157121010,杭州博养医院,
杭州天泽堂中医诊所,医疗机构,门诊部诊所医务室村卫生室,一级,江干区太平门直街699号一楼,86968506,杭州天泽堂中医诊所,
杭州医博肛泰医院,医疗机构,医院,一级,杭州市下城区东新路940号101-108室、2-6楼,85835161,杭州医博肛泰医院,
杭州铭一健康管理有限公司城星路口腔门诊部,医疗机构,门诊部诊所医务室村卫生室,一级,杭州市江干区钱江国际时代广场2幢201-1室,15538041023,杭州铭一健康管理有限公司城星路口腔门诊部,
杭州德奥健康管理有限公司昊轩口腔诊所,医疗机构,门诊部诊所医务室村卫生室,一级,杭州市滨江区西兴街道迎春北苑77、78、79号商铺,81061369,杭州德奥健康管理有限公司昊轩口腔诊所,
杭州博联口腔门诊部,医疗机构,省本级定点,一级,西湖区西溪世纪中心2号楼,15858296500,杭州博联口腔门诊部,基本、离休、子女
西湖区翠苑街道翠苑四区社区卫生服务站,医疗机构,社区卫生服务中心,社区,翠苑街道翠苑四区13-1号,13957146528,西湖区翠苑街道翠苑四区社区卫生服务站,
浙江家家健康控股股份有限公司余杭乔司诊所,医疗机构,门诊部诊所医务室村卫生室,一级,杭州市余杭区乔司街道92、94号,82695400,浙江家家健康控股股份有限公司余杭乔司诊所,
浙江家家健康控股股份有限公司杭州拱墅半山路西医结合诊所,医疗机构,门诊部诊所医务室村卫生室,一级,杭州市拱墅区半山路21-1号,18058780379,浙江家家健康控股股份有限公司杭州拱墅半山路西医结合诊所,
杭州口腔医院集团下沙门诊部,医疗机构,门诊部诊所医务室村卫生室,一级,杭州经济技术开发区财通中心301-1室,28111193,杭州口腔医院集团下沙门诊部,
杭州欣林中医诊所,医疗机构,门诊部诊所医务室村卫生室,一级,杭州市江干区钱江三苑1幢102-2室,13989811625,杭州欣林中医诊所,
杭州安仁健康管理有限公司润宇堂中医诊所,医疗机构,省本级定点,一级,杭州市拱墅区登云路313-8西间,18989499345,杭州安仁健康管理有限公司润宇堂中医诊所,基本、离休、子女
杭州临湖门诊部,医疗机构,门诊部诊所医务室村卫生室,一级,邮电路18、19号,18058802759,杭州临湖门诊部,
浙江大学医学院附属口腔医院,医疗机构,医院,三级,浙江省杭州市下城区武林街道延安路395号,0571-87217221,浙江大学医学院附属口腔医院,
杭州尤看运动健康管理有限公司萧山宁围运动医学诊所,医疗机构,门诊部诊所医务室村卫生室,一级,"""杭州市萧山区宁围街道民和路471",13605700011,杭州尤看运动健康管理有限公司萧山宁围运动医学诊所,
杭州茂菊口腔门诊部,医疗机构,门诊部诊所医务室村卫生室,一级,杭州室下城区建国北路536号,13291418859,杭州茂菊口腔门诊部,
杭州和顺中西医结合诊所,医疗机构,门诊部诊所医务室村卫生室,一级,杭州市江干区丁桥镇明珠街213号,13606687697,杭州和顺中西医结合诊所,
杭州萧山潘茂春中医门诊部,医疗机构,门诊部诊所医务室村卫生室,一级,萧山区新塘街道文源社区商贸大楼西侧201,82658972,杭州萧山潘茂春中医门诊部,
杭州笕新堂医疗投资管理有限公司同协路中医诊所,医疗机构,门诊部诊所医务室村卫生室,一级,杭州市江干区同协路328号2楼,15305817161,杭州笕新堂医疗投资管理有限公司同协路中医诊所,
杭州贝佳齿科门诊部,医疗机构,门诊部诊所医务室村卫生室,一级,杭州市拱墅区德胜路369号,13858001845,杭州贝佳齿科门诊部,
杭州华莉医疗管理有限公司余杭临平口腔门诊部,医疗机构,门诊部诊所医务室村卫生室,一级,杭州临平区东湖街道星光街742、744、746号,13588359605,杭州华莉医疗管理有限公司余杭临平口腔门诊部,
杭州市下城区文晖街道社区卫生服务中心,医疗机构,社区卫生服务中心,社区,绍兴支路25号,85460774,杭州市下城区文晖街道社区卫生服务中心,
杭州聚齐轩中医诊所,医疗机构,门诊部诊所医务室村卫生室,一级,杭州市下城区回龙路378、380号,17767105065,杭州聚齐轩中医诊所,
杭州老年口腔医院,医疗机构,门诊部诊所医务室村卫生室,一级,滨江区江南大道288号康恩贝大厦1幢402室,87099666,杭州老年口腔医院,
杭州怡乐口腔诊所,医疗机构,门诊部诊所医务室村卫生室,一级,杭州市江干区九环路53-5、53-6号,13588876377,杭州怡乐口腔诊所,
杭州市富阳区第一人民医院,医疗机构,医院,三级,杭州市富阳区富春街道北环路429号,63157889,杭州市富阳区第一人民医院,
杭州蕙昕堂中医诊所,医疗机构,门诊部诊所医务室村卫生室,一级,杭州市滨江区浦沿街道贺田尚城商铺39、40号一层,13666609245,杭州蕙昕堂中医诊所,
杭州昊屹健康咨询管理有限公司文一西路中医诊所,医疗机构,门诊部诊所医务室村卫生室,一级,杭州市西湖区文一西路416号,0571-56109928,杭州昊屹健康咨询管理有限公司文一西路中医诊所,
杭州品凯健康管理有限公司明月口腔门诊部,医疗机构,门诊部诊所医务室村卫生室,一级,杭州市滨江区西兴街道明月江南公寓商铺1号,88081352,杭州品凯健康管理有限公司明月口腔门诊部,
杭州市公安局安康医院,医疗机构,门诊部诊所医务室村卫生室,二级,杭州市余杭区良渚镇瑶山路38号,13706815201,杭州市公安局安康医院,
杭州西湖叶青峰中医诊所,医疗机构,门诊部诊所医务室村卫生室,一级,杭州西湖区西溪路黄龙和山947号,13989858985,杭州西湖叶青峰中医诊所,
杭州萧山瑞思口腔门诊部,医疗机构,门诊部诊所医务室村卫生室,一级,萧山区宁围街道保亿中心2幢201室,88612832,杭州萧山瑞思口腔门诊部,
杭州鹤济堂中医连锁有限公司环站东路中医诊所,医疗机构,门诊部诊所医务室村卫生室,一级,杭州市江干区环站东路441号二楼,15088745995,杭州鹤济堂中医连锁有限公司环站东路中医诊所,
杭州方回春堂下沙中医门诊部,医疗机构,门诊部诊所医务室村卫生室,一级,杭州经济技术开发区天城东路252号,19883134326,杭州方回春堂下沙中医门诊部,
杭州绿城安格口腔门诊部有限公司,医疗机构,门诊部诊所医务室村卫生室,一级,杭州市求是路50号,13989460818,杭州绿城安格口腔门诊部有限公司,
杭州真保堂健康管理咨询有限公司江南大道中医诊所,医疗机构,门诊部诊所医务室村卫生室,一级,杭州市滨江区浦沿街道江南大道3688号通策广场402-2室,13376827600,杭州真保堂健康管理咨询有限公司江南大道中医诊所,
杭州千偌健康管理有限公司绿禾综合门诊部,医疗机构,门诊部诊所医务室村卫生室,一级,杭州经济技术开发区24号大街290号201室,13335817738,杭州千偌健康管理有限公司绿禾综合门诊部,
杭州滨江绿康康复医院,医疗机构,医院,二级,杭州市滨江区天马路999号10幢,13806512252,杭州滨江绿康康复医院,
杭州下城德雅口腔诊所,医疗机构,门诊部诊所医务室村卫生室,一级,杭州市凤起路25号,0571-87653926,杭州下城德雅口腔诊所,
杭州广和口腔门诊部,医疗机构,门诊部诊所医务室村卫生室,一级,杭州市滨江区浦沿街道滨盛路3802、3804号,87112211,杭州广和口腔门诊部,
浙江省医学科学院门诊部,医疗机构,门诊部诊所医务室村卫生室,一级,杭州市天目山路182号,13575492193,浙江省医学科学院门诊部,
杭州萧山爱心老年病医院,医疗机构,医院,一级,萧山区新塘街道通惠南路1008号,83877318,杭州萧山爱心老年病医院,
杭州市经济技术开发区下沙街道社区卫生服务中心,医疗机构,社区卫生服务中心,社区,杭州市下沙镇文教路128号,13777853530,杭州市经济技术开发区下沙街道社区卫生服务中心,
杭州莲芯堂中医诊所,医疗机构,门诊部诊所医务室村卫生室,一级,杭州市拱墅区西城纪商务中心2幢1401室,19817164020,杭州莲芯堂中医诊所,
杭州康捷健康管理有限公司大关口腔,医疗机构,门诊部诊所医务室村卫生室,一级,杭州市大关路258号,18758158670,杭州康捷健康管理有限公司大关口腔,
杭州大诚医院,医疗机构,门诊部诊所医务室村卫生室,一级,"""浙江省杭州市上城区小营街道中河中路166号",86019607,杭州大诚医院,
中国人民财产保险股份有限公司浙江省分公司卫生站,医疗机构,门诊部诊所医务室村卫生室,一级,杭州市中河中路66号,87813809,中国人民财产保险股份有限公司浙江省分公司卫生站,
杭州爱德堂口腔门诊部,医疗机构,门诊部诊所医务室村卫生室,一级,杭州市西湖区文三西路514号,13757190557,杭州爱德堂口腔门诊部,
杭州康源口腔门诊部,医疗机构,门诊部诊所医务室村卫生室,一级,清江路105号,13606621178,杭州康源口腔门诊部,
杭州亮丽口腔诊所,医疗机构,门诊部诊所医务室村卫生室,一级,杭州市下城区朝晖五区新市街174号二楼,18957126586,杭州亮丽口腔诊所,
杭州市拱墅区桃源社区卫生服务中心,医疗机构,社区卫生服务中心,社区,拱墅区桃源新区地块R22-15,13738077717,杭州市拱墅区桃源社区卫生服务中心,
杭州橡树医院,医疗机构,医院,一级,杭州西湖区花蒋路201号,87607965,杭州橡树医院,
浙江外国语学院小和山校区医务室,医疗机构,社区卫生服务中心,社区,杭州市西湖区留下留和路229号,88213772,浙江外国语学院小和山校区医务室,
杭州壹心健康管理有限公司余杭壹心中医诊所,医疗机构,门诊部诊所医务室村卫生室,一级,杭州市余杭区经济技术开发区雨荷路201-22号,13867484656,杭州壹心健康管理有限公司余杭壹心中医诊所,
杭州汉库医学检验实验室,医疗机构,门诊部诊所医务室村卫生室,一级,杭州市滨江区西兴街道聚工路11号7幢3层、4层,0571-85092510,杭州汉库医学检验实验室,
杭州培元堂诊所,医疗机构,门诊部诊所医务室村卫生室,一级,杭州市下城区孩儿巷242-1号（临）,18966482670,杭州培元堂诊所,
杭州金色年华医院,医疗机构,医院,一级,杭州市西湖区转塘街道金家岭188号8幢,15715705235,杭州金色年华医院,
杭州传林健康管理有限公司九州路中西医结合诊所,医疗机构,门诊部诊所医务室村卫生室,一级,杭州市江干区九州路305.307号,13018915328,杭州传林健康管理有限公司九州路中西医结合诊所,
杭州德胜中西医结合诊所,医疗机构,门诊部诊所医务室村卫生室,一级,下城区长坂巷76号,17858861767,杭州德胜中西医结合诊所,
杭州凡心健康管理有限公司萧山南阳向阳路诊所,医疗机构,省本级定点,一级,浙江省杭州市萧山区南阳街道雷山村,18668020388,杭州凡心健康管理有限公司萧山南阳向阳路诊所,基本、离休、子女
浙江省立同德医院,医疗机构,医院,三级,"""浙江省杭州市西湖区翠苑街道古翠路234号",0571-89972032,浙江省立同德医院,
杭州方回春堂余杭中医门诊部,医疗机构,门诊部诊所医务室村卫生室,一级,杭州市余杭区南苑街道南大街390号1幢117/118室,13738180297,杭州方回春堂余杭中医门诊部,
杭州吉欣健康管理有限公司网商路诊所,医疗机构,门诊部诊所医务室村卫生室,一级,杭州市滨江区长河街道网商路116号,18358156359,杭州吉欣健康管理有限公司网商路诊所,
杭州下城区金德夫口腔诊所,医疗机构,门诊部诊所医务室村卫生室,一级,杭州市下城区麒麟街1号2单元103室,13588189891,杭州下城区金德夫口腔诊所,
杭州金禾医院管理有限公司新风路诊所,医疗机构,门诊部诊所医务室村卫生室,一级,杭州市上城区新风路296-6号,89182120,杭州金禾医院管理有限公司新风路诊所,
杭州诺维口腔诊所,医疗机构,门诊部诊所医务室村卫生室,一级,滨江区启智街787号,87252891,杭州诺维口腔诊所,
杭州华方医疗投资管理有限公司三坝雅苑医疗门诊部,医疗机构,门诊部诊所医务室村卫生室,一级,三墩镇三坝雅苑商铺1幢2-3号,15381063939,杭州华方医疗投资管理有限公司三坝雅苑医疗门诊部,
杭州英荣健康管理有限公司江城路诊所,医疗机构,门诊部诊所医务室村卫生室,一级,上城区江城路88-2号,86090571,杭州英荣健康管理有限公司江城路诊所,
杭州容胜口腔门诊部,医疗机构,门诊部诊所医务室村卫生室,一级,杭州市江干区九堡镇左邻右舍5-105室,13805717598,杭州容胜口腔门诊部,
杭州富阳益笑堂中医诊所,医疗机构,门诊部诊所医务室村卫生室,一级,杭州市富阳区富春街道江滨西大道1-1号,63338880,杭州富阳益笑堂中医诊所,
杭州鑫安健康管理有限公司太平门直街中医诊所,医疗机构,门诊部诊所医务室村卫生室,一级,杭州市江干区太平门直街222号2楼,86104618,杭州鑫安健康管理有限公司太平门直街中医诊所,
杭州英弗医院管理有限公司滨盛路口腔门诊部,医疗机构,医院,一级,杭州市滨江区浦沿街道滨盛路4311号,86062171,杭州英弗医院管理有限公司滨盛路口腔门诊部,
杭州市拱墅区陈玉珍口腔诊所,医疗机构,门诊部诊所医务室村卫生室,一级,杭州市拱墅区和盛街23号,85229867,杭州市拱墅区陈玉珍口腔诊所,
杭州市上城区清波街道社区卫生服务中心,医疗机构,社区卫生服务中心,社区,上城区河坊街413号;河坊街419号(体检),87173613,杭州市上城区清波街道社区卫生服务中心,
杭州市拱墅区米市巷街道社区卫生服务中心,医疗机构,社区卫生服务中心,社区,湖墅南路夹城巷1号,13906528681,杭州市拱墅区米市巷街道社区卫生服务中心,
杭州一良健康管理有限公司金顶苑中医诊所,医疗机构,门诊部诊所医务室村卫生室,一级,西湖区莫干山路499号一层104室,18757149386,杭州一良健康管理有限公司金顶苑中医诊所,
杭州华骨科技有限公司古荡中医诊所,医疗机构,门诊部诊所医务室村卫生室,一级,杭州西湖区文三西路27号,88097763,杭州华骨科技有限公司古荡中医诊所,
杭州贝诺口腔诊所,医疗机构,门诊部诊所医务室村卫生室,一级,下城区德胜路103号,85301220,杭州贝诺口腔诊所,
杭州滨安药店有限公司滨安诊所,医疗机构,门诊部诊所医务室村卫生室,一级,杭州市滨江区网商路138号,86622701,杭州滨安药店有限公司滨安诊所,
杭州杭城皮肤病医院,医疗机构,医院,一级,杭州市下城区体育场路212号1-2层,15921256788,杭州杭城皮肤病医院,
杭州皓贝口腔门诊部,医疗机构,门诊部诊所医务室村卫生室,一级,西湖区文二路132号,88015513,杭州皓贝口腔门诊部,
杭州市西湖区西溪街道社区卫生服务中心,医疗机构,社区卫生服务中心,社区,杭州市西湖区武林巷59号,13588053127,杭州市西湖区西溪街道社区卫生服务中心,
杭州诚医堂中医门诊部有限公司,医疗机构,门诊部诊所医务室村卫生室,一级,杭州市下城区白石巷88号,86017529,杭州诚医堂中医门诊部有限公司,
浙江省人民医院,医疗机构,医院,三级,浙江省杭州市下城区朝晖街道上塘路158号,0571-85893056,浙江省人民医院,
杭州西湖口腔医院,医疗机构,医院,一级,杭州市古墩路598号同人广场D座,88121111,杭州西湖口腔医院,
杭州市拱墅区小河湖墅街道社区卫生服务中心,医疗机构,社区卫生服务中心,社区,杭州市拱墅区塘河路32号（体检）；拱墅区和睦路129号,88897569,杭州市拱墅区小河湖墅街道社区卫生服务中心,
杭州大江东和平医院,医疗机构,省本级定点,一级,杭州市萧山区河庄街道民主村,15168429432,杭州大江东和平医院,基本、离休、子女
杭州民利健康管理有限公司新塘路口腔诊所,医疗机构,门诊部诊所医务室村卫生室,一级,杭州市江干区彭埠镇新和嘉园底商25号,15305819089,杭州民利健康管理有限公司新塘路口腔诊所,
杭州福满堂中医门诊部,医疗机构,门诊部诊所医务室村卫生室,一级,杭州市上城区建国南路247号,0571-86816638,杭州福满堂中医门诊部,
杭州康葆中医门诊部,医疗机构,门诊部诊所医务室村卫生室,一级,杭州市滨江区长河街道天官路28号,15306745808,杭州康葆中医门诊部,
杭州西湖包晓彤口腔诊所,医疗机构,门诊部诊所医务室村卫生室,一级,杭州市西湖区西溪路945号,13750852596,杭州西湖包晓彤口腔诊所,
杭州天帆医疗投资管理有限公司康圆口腔诊所,医疗机构,门诊部诊所医务室村卫生室,一级,杭州市拱墅区赵伍路206号,0571-86538216,杭州天帆医疗投资管理有限公司康圆口腔诊所,
杭州五行堂中医诊所,医疗机构,门诊部诊所医务室村卫生室,一级,杭州市上城区将军路41号,15168459595,杭州五行堂中医诊所,
慈铭健康体检管理集团杭州有限公司凯旋路门诊部,医疗机构,门诊部诊所医务室村卫生室,一级,杭州市江干区凯旋路445号物产国际裙楼1-2层,15669056753,慈铭健康体检管理集团杭州有限公司凯旋路门诊部,
杭州品甜健康管理有限公司金堡街口腔诊所,医疗机构,门诊部诊所医务室村卫生室,一级,杭州市江干区金堡街316号,13989836814,杭州品甜健康管理有限公司金堡街口腔诊所,
浙江家家健康控股股份有限公司杭州祥符诊所,医疗机构,门诊部诊所医务室村卫生室,一级,杭州市拱墅区花园岗街158-5号1层,82695400,浙江家家健康控股股份有限公司杭州祥符诊所,
杭州自立口腔门诊部有限公司,医疗机构,门诊部诊所医务室村卫生室,一级,杭州市上城区建国中路148号,13251002239,杭州自立口腔门诊部有限公司,
杭州滨江刘道俊西医内科诊所,医疗机构,省本级定点,一级,滨江区浦沿街道南环路4390、4392号,13588452080,杭州滨江刘道俊西医内科诊所,基本、离休、子女
杭州拱墅康久天颐护理院,医疗机构,医院,一级,杭州市拱墅区康桥街道颐养路197号,15088651084,杭州拱墅康久天颐护理院,
杭州萧山洁宏中医门诊部,医疗机构,门诊部诊所医务室村卫生室,一级,萧山区南阳街道永星路23号,82170498,杭州萧山洁宏中医门诊部,
杭州方回春堂市民中心中医门诊部,医疗机构,门诊部诊所医务室村卫生室,一级,杭州市江干区市中心H座S1区块北2号,15395832317,杭州方回春堂市民中心中医门诊部,
杭州恒呀健康管理有限公司三墩口腔门诊部,医疗机构,门诊部诊所医务室村卫生室,一级,三墩镇灯彩街368号,87011751,杭州恒呀健康管理有限公司三墩口腔门诊部,
杭州市上城区望江门口腔门诊部,医疗机构,省本级定点,一级,杭州市上城区江城路621号,15306556005,杭州市上城区望江门口腔门诊部,基本、离休、子女
浙江中医药大学杭州滨江中医门诊部,医疗机构,门诊部诊所医务室村卫生室,一级,杭州市滨江区滨文路548号,18658196387,浙江中医药大学杭州滨江中医门诊部,
杭州爱牙仕投资管理有限公司西溪壹号口腔门诊部,医疗机构,门诊部诊所医务室村卫生室,一级,杭州市西湖区文二西路808号西溪壹号创意上午中心19号楼2层,88871878,杭州爱牙仕投资管理有限公司西溪壹号口腔门诊部,
杭州知真堂中医门诊部,医疗机构,门诊部诊所医务室村卫生室,一级,杭州西兴街道锦绣玲珑府一幢203A室,85376719,杭州知真堂中医门诊部,
杭州市拱墅区拱宸桥街道社区卫生服务中心,医疗机构,社区卫生服务中心,社区,拱宸桥金华路21号,88169215,杭州市拱墅区拱宸桥街道社区卫生服务中心,
杭州广延寿堂中医门诊部,医疗机构,门诊部诊所医务室村卫生室,一级,杭州市东清巷18号,15306550901,杭州广延寿堂中医门诊部,
杭州杏康医疗门诊部,医疗机构,门诊部诊所医务室村卫生室,一级,杭州市江干区景昙路9号西子国际中心A座902/903/904室,13857168017,杭州杏康医疗门诊部,
杭州侨炬口腔门诊部有限公司,医疗机构,门诊部诊所医务室村卫生室,一级,杭州市中河北路117-123号,13958018869,杭州侨炬口腔门诊部有限公司,
杭州江仔口腔诊所,医疗机构,门诊部诊所医务室村卫生室,一级,杭州市下城区康华路249号,17681566223,杭州江仔口腔诊所,
杭州江干朱海炎口腔诊所,医疗机构,门诊部诊所医务室村卫生室,一级,杭州市江干区钱塘白石嘉苑2幢底商1号,13675837378,杭州江干朱海炎口腔诊所,
杭州泽邻健康管理有限公司听涛路诊所,医疗机构,门诊部诊所医务室村卫生室,一级,杭州市经济技术开发区听涛路126-1号,15375355776,杭州泽邻健康管理有限公司听涛路诊所,
杭州德正医疗门诊部有限公司,医疗机构,门诊部诊所医务室村卫生室,一级,杭州市西湖区之江路148一号2号楼一楼,15355712796,杭州德正医疗门诊部有限公司,
浙江艺术职业学院医务室,医疗机构,门诊部诊所医务室村卫生室,一级,杭州市滨江区高教园区内滨文路518号,87150120,浙江艺术职业学院医务室,
杭州胡庆余堂国药号有限公司半山诊所,医疗机构,门诊部诊所医务室村卫生室,一级,杭州拱墅区半山路178号,13588788610,杭州胡庆余堂国药号有限公司半山诊所,
杭州雅宁口腔门诊部,医疗机构,门诊部诊所医务室村卫生室,一级,滨江区长河路1318号2幢301室,87612333,杭州雅宁口腔门诊部,
杭州丽致口腔门诊部,医疗机构,门诊部诊所医务室村卫生室,一级,杭州市江干区庆春东路167号101室、201-2、202室,13819148887,杭州丽致口腔门诊部,
杭州皓康口腔门诊部,医疗机构,门诊部诊所医务室村卫生室,一级,杭州市西湖区紫霞街194-202-5,88358916,杭州皓康口腔门诊部,
杭州市西湖区卢朝阳口腔诊所,医疗机构,门诊部诊所医务室村卫生室,一级,杭州市西湖区文三西路186号,13958003798,杭州市西湖区卢朝阳口腔诊所,
杭州君和堂中医门诊部有限公司,医疗机构,门诊部诊所医务室村卫生室,一级,杭州市西湖区文二路144、146号、148,13867252268,杭州君和堂中医门诊部有限公司,
杭州市西湖区牌楼医疗门诊部,医疗机构,门诊部诊所医务室村卫生室,一级,杭州市西湖区古墩路695-3号695-7号二层,13735465045,杭州市西湖区牌楼医疗门诊部,
杭州方元堂中医诊所,医疗机构,门诊部诊所医务室村卫生室,一级,杭州市拱墅区方家花苑商铺39-1号至44-1号二层,18072828783,杭州方元堂中医诊所,
杭州下城百会堂中医诊所,医疗机构,门诊部诊所医务室村卫生室,一级,下城区永清路34号,88316008,杭州下城百会堂中医诊所,
杭州澳医博护理院,医疗机构,医院,一级,杭州市下城区衣锦路19号,87118866,杭州澳医博护理院,
杭州德奥健康管理有限公司春晓路口腔门诊部,医疗机构,门诊部诊所医务室村卫生室,一级,滨江区春晓路490号,0571-88802189,杭州德奥健康管理有限公司春晓路口腔门诊部,
杭州日初脊椎正骨中医诊所,医疗机构,医院,一级,杭州市西湖区灵隐支路白乐路180号,13757134581,杭州日初脊椎正骨中医诊所,
杭州泰同中医诊所有限公司,医疗机构,门诊部诊所医务室村卫生室,一级,杭州市下城区紫荆商街11号,15088624548,杭州泰同中医诊所有限公司,
浙江经济职业技术学院医务室,医疗机构,门诊部诊所医务室村卫生室,一级,杭州市下沙高教园区东区学街66号,86928115,浙江经济职业技术学院医务室,
杭州下城高幼国口腔诊所,医疗机构,门诊部诊所医务室村卫生室,一级,杭州市下城区白石巷402号,28259989,杭州下城高幼国口腔诊所,
杭州梦桃口腔门诊部,医疗机构,门诊部诊所医务室村卫生室,一级,杭州经济技术开发区2号大街1125号,13805744394,杭州梦桃口腔门诊部,
杭州九麟口腔门诊有限公司,医疗机构,门诊部诊所医务室村卫生室,一级,西湖区文二西路273号,13588746924,杭州九麟口腔门诊有限公司,
浙江家家健康控股股份有限公司富阳金浦路中医诊所,医疗机构,门诊部诊所医务室村卫生室,一级,富阳区富春街道金浦路125弄2-4号,82811692,浙江家家健康控股股份有限公司富阳金浦路中医诊所,
杭州整形医院,医疗机构,医院,三级,杭州市上塘路168号,13606504280,杭州整形医院,
杭州恩琪健康管理咨询有限公司萍水街中西医结合诊所,医疗机构,门诊部诊所医务室村卫生室,一级,杭州市拱墅区萍实公寓1幢1-5、1-6,18758146994,杭州恩琪健康管理咨询有限公司萍水街中西医结合诊所,
杭州家庭医生健康产业有限公司天成路门诊部,医疗机构,门诊部诊所医务室村卫生室,一级,杭州市江干区范家路176-192号,15869130847,杭州家庭医生健康产业有限公司天成路门诊部,
杭州树康汇泉康复医院,医疗机构,门诊部诊所医务室村卫生室,一级,杭州市余杭区仓前街道余杭塘路21、22号,58009993,杭州树康汇泉康复医院,
杭州峰仁健康管理有限公司余杭南苑世纪大道中西医结合诊所,医疗机构,门诊部诊所医务室村卫生室,一级,杭州市余杭区南苑街道世纪大道703、704号,13456793599,杭州峰仁健康管理有限公司余杭南苑世纪大道中西医结合诊所,
杭州桐君堂环西中医门诊部,医疗机构,门诊部诊所医务室村卫生室,一级,环城西路92号辅楼1-4层,18868782818,杭州桐君堂环西中医门诊部,
杭州垂金中医诊所,医疗机构,门诊部诊所医务室村卫生室,一级,杭州市拱墅区嘉墅街21号,85165122,杭州垂金中医诊所,
浙江医院,医疗机构,医院,三级,"""浙江省杭州市西湖区灵隐街道灵隐路12号",0571-81595030,浙江医院,
杭州佳颖医疗管理有限公司长虹路口腔诊所,医疗机构,门诊部诊所医务室村卫生室,一级,杭州市市江干区丁兰街道604号、602号2楼,81607333,杭州佳颖医疗管理有限公司长虹路口腔诊所,
北京同仁堂浙江医药有限公司杭州中医门诊部,医疗机构,门诊部诊所医务室村卫生室,一级,平海路6-8号二层,28295128,北京同仁堂浙江医药有限公司杭州中医门诊部,
杭州余杭临平华辰中医针灸推拿门诊部,医疗机构,门诊部诊所医务室村卫生室,一级,杭州市余杭区临平街道星火南路43-55号,18072971772,杭州余杭临平华辰中医针灸推拿门诊部,
杭州囿雅健康管理有限公司紫阳口腔门诊部,医疗机构,门诊部诊所医务室村卫生室,一级,杭州市上城区钱江路132号,87322336,杭州囿雅健康管理有限公司紫阳口腔门诊部,
杭州而曼科技有限公司钱江路口腔诊所,医疗机构,门诊部诊所医务室村卫生室,一级,江干区运塘街76号,17706532653,杭州而曼科技有限公司钱江路口腔诊所,
杭州洁雅口腔诊所,医疗机构,门诊部诊所医务室村卫生室,一级,杭州市拱墅区仓基新村59幢底层,13735499585,杭州洁雅口腔诊所,
杭州万宗堂中医门诊部有限公司,医疗机构,门诊部诊所医务室村卫生室,一级,西湖区东仁街95-101号甲东路80-82号二楼,81991018-13336105638,杭州万宗堂中医门诊部有限公司,
杭州植得口腔门诊部有限公司,医疗机构,门诊部诊所医务室村卫生室,一级,杭州市体育场路285,13858150420,杭州植得口腔门诊部有限公司,
杭州金域医学检验所有限公司,医疗机构,门诊部诊所医务室村卫生室,一级,杭州市滨江区长河街道滨安路688号1幢2-5层,13758240997,杭州金域医学检验所有限公司,
杭州公望仁雅医疗门诊部,医疗机构,门诊部诊所医务室村卫生室,一级,杭州市西湖区文二西路699号西溪智慧大厦101、802、902,13867478879,杭州公望仁雅医疗门诊部,
浙江中医药大学中医门诊部,医疗机构,门诊部诊所医务室村卫生室,一级,浙江省杭州市上城区小营街道皮市巷6号,,浙江中医药大学中医门诊部,
杭州湘仪医院,医疗机构,省本级定点,一级,杭州经济技术开发区听涛路203号外来人员服务中心4-5层,13656661058,杭州湘仪医院,基本、离休、子女
杭州市余杭区第三人民医院,医疗机构,医院,二级,余杭区瓶窑镇华兴路232号,88549003,杭州市余杭区第三人民医院,
杭州余杭良渚口腔医院有限公司,医疗机构,门诊部诊所医务室村卫生室,一级,余杭区良渚街道良港路135号,13456896988,杭州余杭良渚口腔医院有限公司,
杭州益民堂健康管理有限公司杭玻街中西医结合诊所,医疗机构,门诊部诊所医务室村卫生室,一级,杭州市江干区杭玻街258号二楼,13758221225,杭州益民堂健康管理有限公司杭玻街中西医结合诊所,
杭州彩虹鱼康复护理院,医疗机构,医院,一级,杭州市上城区斗富二桥东河下1号、3号、斗富二桥18-20号,18861009666,杭州彩虹鱼康复护理院,
杭州雅浩口腔门诊部,医疗机构,门诊部诊所医务室村卫生室,一级,杭州市西湖区丰潭路267、269号,13757140843,杭州雅浩口腔门诊部,
杭州铃兰健康管理有限公司丰登街口腔诊所,医疗机构,门诊部诊所医务室村卫生室,一级,拱墅区丰登街141-143号（单号）二楼商铺,86086060,杭州铃兰健康管理有限公司丰登街口腔诊所,
杭州佳运健康管理有限公司余杭闲林和睦路口腔诊所,医疗机构,门诊部诊所医务室村卫生室,一级,杭州市余杭区闲林街道岸上蓝山玉兰苑3-14,18658853567,杭州佳运健康管理有限公司余杭闲林和睦路口腔诊所,
杭州一九堂健康管理有限公司西湖区中医诊所,医疗机构,门诊部诊所医务室村卫生室,一级,杭州市西湖区文西溪诚品商务中心底层商铺1、2号,18957122057,杭州一九堂健康管理有限公司西湖区中医诊所,
杭州华骨医学科技有限公司莲花街中医诊所,医疗机构,门诊部诊所医务室村卫生室,一级,西湖区山水人家诗家谷8幢2号,18616652669,杭州华骨医学科技有限公司莲花街中医诊所,
浙江大学医学院附属第二医院,医疗机构,医院,三级,浙江省杭州市上城区小营街道解放路88号,0571-87783817,浙江大学医学院附属第二医院,
杭州杏荷健康管理有限公司之江诊所,医疗机构,门诊部诊所医务室村卫生室,一级,杭州市上城区之江路522、523号,13205710535,杭州杏荷健康管理有限公司之江诊所,
杭州松柏堂中医诊所,医疗机构,门诊部诊所医务室村卫生室,一级,杭州市江干区凯旋路337号一楼及333-337号,15267709899,杭州松柏堂中医诊所,
杭州方回春堂集团有限公司杏林中医门诊部,医疗机构,门诊部诊所医务室村卫生室,一级,浙江省杭州市上城区清波街道河坊街117号,,杭州方回春堂集团有限公司杏林中医门诊部,
杭州市拱墅区康桥街道社区卫生服务中心,医疗机构,社区卫生服务中心,社区,拱墅区康桥路196号,56861294,杭州市拱墅区康桥街道社区卫生服务中心,
杭州艾维口腔门诊部有限公司金沙大道口腔门诊部,医疗机构,门诊部诊所医务室村卫生室,一级,杭州市经济技术开发区晓城天地117-223,87033832,杭州艾维口腔门诊部有限公司金沙大道口腔门诊部,
杭州甘长中西医结合诊所（普通合伙）,医疗机构,门诊部诊所医务室村卫生室,一级,杭州市下城区香积寺东路191号,13805724460,杭州甘长中西医结合诊所（普通合伙）,
杭州广惠堂复兴中西医结合门诊部,医疗机构,门诊部诊所医务室村卫生室,一级,上城区复兴路469、471号,87077321,杭州广惠堂复兴中西医结合门诊部,
杭州养和护理院,医疗机构,医院,一级,石桥街道石祥东路1399号,13656639793,杭州养和护理院,
杭州仁易堂中医康复医院,医疗机构,医院,一级,江干区秋涛北路85号,15988152162,杭州仁易堂中医康复医院,
杭州口腔医院集团临平门诊部,医疗机构,门诊部诊所医务室村卫生室,一级,余杭区南苑街道美亚大厦402室,26301168,杭州口腔医院集团临平门诊部,
杭州雅莱口腔门诊部,医疗机构,门诊部诊所医务室村卫生室,一级,杭州市江干区宋都阳光国际花园观澜苑1幢103-1层,85353565,杭州雅莱口腔门诊部,
杭州市西湖区博凡口腔门诊部,医疗机构,门诊部诊所医务室村卫生室,一级,杭州市西湖区体育场路538号（金祝大厦）二层205室,15355469450,杭州市西湖区博凡口腔门诊部,
国家电网公司职业病防治院杭州水澄医务室,医疗机构,门诊部诊所医务室村卫生室,一级,杭州市上城区南复路1号水澄大厦2号楼2楼医务室,17788589063,国家电网公司职业病防治院杭州水澄医务室,
杭州东仁堂东宁综合门诊部,医疗机构,门诊部诊所医务室村卫生室,一级,江干区笕桥街道东港嘉苑二区底商31号,87022502,杭州东仁堂东宁综合门诊部,
杭州康济健康管理有限公司丁桥门诊部,医疗机构,门诊部诊所医务室村卫生室,一级,杭州市江干区丁桥紫丁香街128号,18868718896,杭州康济健康管理有限公司丁桥门诊部,
浙江工业大学之江学院医务室,医疗机构,省本级定点,一级,绍兴市柯桥区柯华路958号,15168218850,浙江工业大学之江学院医务室,基本、离休、子女
杭州泰来堂中医诊所有限公司,医疗机构,门诊部诊所医务室村卫生室,一级,杭州市上城区淳佑桥西弄9、11号,13857121612,杭州泰来堂中医诊所有限公司,
杭州郎禾中医诊所,医疗机构,门诊部诊所医务室村卫生室,一级,杭州拱墅区锦兰公寓4幢丽水路16-9号,85236933,杭州郎禾中医诊所,
杭州富阳富春江曜阳老年医院,医疗机构,医院,一级,杭州市富阳区东洲街道江滨东大道879号。,63167136,杭州富阳富春江曜阳老年医院,
杭州杜祖成口腔诊所,医疗机构,门诊部诊所医务室村卫生室,一级,江干区天城路107号,13083990080,杭州杜祖成口腔诊所,
浙江萧山老年医院,医疗机构,医院,一级,杭州市萧山区蜀山街道祝家新桥社区南大路萧山紫荆老年养生社会公寓园区34号楼1、2、3、4、5、6、7层,83533141,浙江萧山老年医院,
杭州文仲中医医院,医疗机构,医院,一级,杭州市下城区临丁路2177号佳美大厦1-5号,18057166777,杭州文仲中医医院,
杭州上扬口腔医院有限公司,医疗机构,省本级定点,一级,杭州市下城区凤起路559、561、563、583号,15868463025,杭州上扬口腔医院有限公司,基本、离休、子女
杭州杏荷健康管理有限公司笕东嘉苑诊所,医疗机构,省本级定点,一级,杭州市江干区笕东嘉苑15幢底商57、58号,18668133848,杭州杏荷健康管理有限公司笕东嘉苑诊所,基本、离休、子女
杭州常青树中医门诊部有限公司,医疗机构,门诊部诊所医务室村卫生室,一级,杭州滨江区闻涛路1851号信雅达A座1楼,18058119853,杭州常青树中医门诊部有限公司,
杭州皮康诊所,医疗机构,门诊部诊所医务室村卫生室,一级,杭州市建国北路41号,87785180,杭州皮康诊所,
杭州天禄堂五柳巷中医门诊部,医疗机构,门诊部诊所医务室村卫生室,一级,杭州市上城区河坊街48-1号,18968017776,杭州天禄堂五柳巷中医门诊部,
杭州市余杭嘉木护理院有限公司,医疗机构,医院,一级,杭州市余杭区良渚文化村随园嘉树17幢,17758032859,杭州市余杭嘉木护理院有限公司,
杭州善贤堂中医门诊部,医疗机构,门诊部诊所医务室村卫生室,一级,杭州市下城区新汇路214、216、218号,13008915988,杭州善贤堂中医门诊部,
杭州中北桥诊所有限公司,医疗机构,门诊部诊所医务室村卫生室,一级,杭州市朝晖路178号,13735882344,杭州中北桥诊所有限公司,
杭州萧山区前进街道社区卫生服务中心,医疗机构,社区卫生服务中心,社区,萧山区前进街道前卫路,18072882516,杭州萧山区前进街道社区卫生服务中心,
杭州滨江国方盲人医疗按摩所,医疗机构,门诊部诊所医务室村卫生室,一级,杭州市滨江区长河街道长江西苑78号二楼,13588892240,杭州滨江国方盲人医疗按摩所,
杭州迦得医院管理有限公司听涛路诊所,医疗机构,门诊部诊所医务室村卫生室,一级,杭州经济技术开发区听涛路48号,13588026578,杭州迦得医院管理有限公司听涛路诊所,
杭州江干区润德堂中医门诊部,医疗机构,门诊部诊所医务室村卫生室,一级,江干区机场路里街天晖路铭园1幢5、6号,13588862984,杭州江干区润德堂中医门诊部,
杭州艾迪康医学检验中心有限公司,医疗机构,门诊部诊所医务室村卫生室,一级,杭州市西湖区振中路208号2幢,0571-87779259,杭州艾迪康医学检验中心有限公司,
杭州智格诊所,医疗机构,省本级定点,一级,杭州经济技术开发区智格社区114号,13735557510,杭州智格诊所,基本、离休、子女
杭州铸仁中医诊所有限公司,医疗机构,门诊部诊所医务室村卫生室,一级,杭州江干区丁城路217、223号,18958004233,杭州铸仁中医诊所有限公司,
杭州长安医院,医疗机构,医院,一级,杭州市上城区江城路307号,18958047869,杭州长安医院,
杭州拱墅区大关东二社区卫生服务站,医疗机构,社区卫生服务中心,社区,拱墅区大关东八苑4幢1-101室,13336135613,杭州拱墅区大关东二社区卫生服务站,
杭州丽都白癜风皮肤病医院,医疗机构,医院,一级,杭州市下城区东新路219号,87998561,杭州丽都白癜风皮肤病医院,
杭州博康医疗门诊部,医疗机构,门诊部诊所医务室村卫生室,一级,杭州市教工路288号,13858112089,杭州博康医疗门诊部,
杭州贝格口腔诊所,医疗机构,门诊部诊所医务室村卫生室,一级,杭州市拱墅区严家桥街83号,13957150860,杭州贝格口腔诊所,
杭州师范大学附属医院,医疗机构,医院,三级,"""浙江省杭州市拱墅区拱宸街道温州路126号",0571-88303510,杭州师范大学附属医院,
杭州市上城区望江街道社区卫生服务中心,医疗机构,社区卫生服务中心,社区,上城区望江家园西园29幢-2,86560706,杭州市上城区望江街道社区卫生服务中心,
杭州冯督泰堂健康管理有限公司通盛路中医诊所,医疗机构,门诊部诊所医务室村卫生室,一级,杭州市江干区通盛路23号,86916876,杭州冯督泰堂健康管理有限公司通盛路中医诊所,
杭州西湖卓悦口腔门诊部,医疗机构,门诊部诊所医务室村卫生室,一级,杭州市西湖区文一西路16号金色蓝庭商铺,13600549806,杭州西湖卓悦口腔门诊部,
杭州爱尔眼科医院,医疗机构,医院,一级,杭州市萧山区北干街道荣庄村博学路180号（楼层1-3，5-8层）,15900503303,杭州爱尔眼科医院,
浙江省商业职业技术学院医务室,医疗机构,门诊部诊所医务室村卫生室,一级,杭州市滨江区滨文路470号,0571-58108186,浙江省商业职业技术学院医务室,
杭州心宸诊所,医疗机构,门诊部诊所医务室村卫生室,一级,杭州市下城区河东路228.230号,13666600850,杭州心宸诊所,
杭州慧元堂中医门诊部,医疗机构,门诊部诊所医务室村卫生室,一级,西湖区西溪世纪中心3、5、6楼125-128、260-264室,86813386,杭州慧元堂中医门诊部,
杭州余杭西洋桥中医门诊部有限公司,医疗机构,门诊部诊所医务室村卫生室,一级,余杭临平西大街10-11号,13968090851,杭州余杭西洋桥中医门诊部有限公司,
杭州觉尔口腔门诊部有限责任公司,医疗机构,门诊部诊所医务室村卫生室,一级,杭州市西湖区文一路249号,56331396,杭州觉尔口腔门诊部有限责任公司,
杭州灸允堂中医诊所,医疗机构,门诊部诊所医务室村卫生室,一级,杭州市江干区雍泽府3幢底商12,13588877591,杭州灸允堂中医诊所,
杭州市萧山区闻堰街道社区卫生服务中心,医疗机构,社区卫生服务中心,社区,萧山区闻堰五金路158号,0571-82301947,杭州市萧山区闻堰街道社区卫生服务中心,
杭州余杭徐雪雄盲人医疗按摩所,医疗机构,门诊部诊所医务室村卫生室,一级,杭州市余杭街道西溪山庄商苑4-1D 4-2A,13705817223,杭州余杭徐雪雄盲人医疗按摩所,
杭州皓瑞口腔门诊部,医疗机构,门诊部诊所医务室村卫生室,一级,杭州市西湖区古墩路69号2幢102室,18268833744,杭州皓瑞口腔门诊部,
杭州艾浙健康管理有限公司市民之家口腔门诊部,医疗机构,门诊部诊所医务室村卫生室,一级,杭州市江干区解放东路18号,15715757316,杭州艾浙健康管理有限公司市民之家口腔门诊部,
杭州杭医堂中医诊所,医疗机构,门诊部诊所医务室村卫生室,一级,杭州市江干区濮家新村36-8号一楼、二楼,18817989699,杭州杭医堂中医诊所,
芝佑堂（杭州）中医门诊部,医疗机构,门诊部诊所医务室村卫生室,一级,庆春东路82-7紫晶商务城三幢206、306室紫晶商务城三幢207、、307室,13362906561,芝佑堂（杭州）中医门诊部,
杭州杏岐堂中医诊所,医疗机构,门诊部诊所医务室村卫生室,一级,杭州市西湖区古荡新村西64幢101.102室,87753560,杭州杏岐堂中医诊所,
杭州泽邻健康管理有限公司下沙江滨诊所,医疗机构,门诊部诊所医务室村卫生室,一级,杭州经济开发区16号大姐94号,13879812145,杭州泽邻健康管理有限公司下沙江滨诊所,
杭州佳凌医院管理有限公司文晖口腔门诊部,医疗机构,门诊部诊所医务室村卫生室,一级,江干区闸弄口街道天城路208-1号,15345881116,杭州佳凌医院管理有限公司文晖口腔门诊部,
杭州广成中医门诊部,医疗机构,门诊部诊所医务室村卫生室,一级,杭州市下城区潮王路42-1号,13588158657,杭州广成中医门诊部,
浙江大学医学院附属妇产科医院,医疗机构,医院,三级,浙江省杭州市上城区湖滨街道学士路1号,0571-89991190,浙江大学医学院附属妇产科医院,
杭州德葆堂健康管理有限公司大兜路中医诊所,医疗机构,门诊部诊所医务室村卫生室,一级,杭州市拱墅区杭办大厦2幢201-2室,15356660387,杭州德葆堂健康管理有限公司大兜路中医诊所,
杭州西湖雅康口腔门诊部,医疗机构,门诊部诊所医务室村卫生室,一级,杭州市西湖区通普路9号,18005811977,杭州西湖雅康口腔门诊部,
杭州皓瑞下沙口腔门诊部,医疗机构,门诊部诊所医务室村卫生室,一级,杭州经济技术开发区天城东路254-105号,0571-86993260,杭州皓瑞下沙口腔门诊部,
杭州艾维乾元口腔门诊部,医疗机构,门诊部诊所医务室村卫生室,一级,杭州市江干区景昙路9号西子国际中心A座12层,81189377,杭州艾维乾元口腔门诊部,
杭州雅齿健康管理有限公司运新口腔诊所,医疗机构,门诊部诊所医务室村卫生室,一级,杭州市江干区运新花苑一区3幢5-6临,88859113,杭州雅齿健康管理有限公司运新口腔诊所,
浙江省中医药学会中西医结合门诊部,医疗机构,门诊部诊所医务室村卫生室,一级,杭州市西湖区文一路310号中竹大厦三楼,86891292,浙江省中医药学会中西医结合门诊部,
杭州南山肿瘤专科门诊部,医疗机构,门诊部诊所医务室村卫生室,一级,杭州市下城区环城北路85号,15888806067,杭州南山肿瘤专科门诊部,
杭州爱聚橡树中医诊所有限公司,医疗机构,门诊部诊所医务室村卫生室,一级,杭州市西湖区文一西路462号1楼,,杭州爱聚橡树中医诊所有限公司,
杭州经济技术开发区吴云刚口腔诊所,医疗机构,门诊部诊所医务室村卫生室,一级,杭州经济技术开发区学林街1248号,18957116608,杭州经济技术开发区吴云刚口腔诊所,
杭州易云口腔门诊部,医疗机构,门诊部诊所医务室村卫生室,一级,杭州经济技术开发区白杨街道4号大街12-16号,13372551567,杭州易云口腔门诊部,
杭州朱养心中医诊所,医疗机构,门诊部诊所医务室村卫生室,一级,上城区万松岭路25号3幢,15058196336,杭州朱养心中医诊所,
杭州广慈中医门诊部,医疗机构,门诊部诊所医务室村卫生室,一级,杭州市上城区中山中路553号,18957164257,杭州广慈中医门诊部,
杭州迪安医学检验中心,医疗机构,门诊部诊所医务室村卫生室,一级,杭州市西湖区三墩镇金蓬街329号1楼,58085660,杭州迪安医学检验中心,
浙江家家健康控股股份有限公司余杭东湖九曲营路中医诊所,医疗机构,门诊部诊所医务室村卫生室,一级,杭州市余杭区东湖街道九曲营路89、91号,,浙江家家健康控股股份有限公司余杭东湖九曲营路中医诊所,
杭州之新口腔医院,医疗机构,门诊部诊所医务室村卫生室,一级,杭州市西湖区丽景路18号A楼二层201室,86911981,杭州之新口腔医院,
杭州惠华医疗门诊部,医疗机构,门诊部诊所医务室村卫生室,一级,杭州市江干区笕桥镇黄家村九横路18号109-301室,13375718019,杭州惠华医疗门诊部,
杭州余杭同安医院,医疗机构,医院,一级,杭州余杭区临平大道797号2幢,15942147003,杭州余杭同安医院,
杭州城东医院,医疗机构,医院,一级,浙江省杭州市江干区德胜东路3339号3幢,56970108,杭州城东医院,
杭州秉钧堂健康管理有限公司古墩路中医诊所,医疗机构,门诊部诊所医务室村卫生室,一级,杭州市西湖区三墩路1239号,17794573550,杭州秉钧堂健康管理有限公司古墩路中医诊所,
杭州岐杏堂中医诊所,医疗机构,门诊部诊所医务室村卫生室,一级,杭州市莲花街57号,87753560,杭州岐杏堂中医诊所,
杭州上城区丁新民口腔诊所,医疗机构,门诊部诊所医务室村卫生室,一级,上城区清吟街52号,13018939738,杭州上城区丁新民口腔诊所,
浙江家家健康控股股份有限公司余杭南苑新颜南路诊所,医疗机构,门诊部诊所医务室村卫生室,一级,杭州市余杭区南苑街道新颜南路26号,,浙江家家健康控股股份有限公司余杭南苑新颜南路诊所,
康大夫健康管理浙江有限公司杭州萧山民和路综合门诊部,医疗机构,省本级定点,一级,杭州萧山区宁围街道民和路798-1 /-2号 、800-1/-2 、802-1号,57175000,康大夫健康管理浙江有限公司杭州萧山民和路综合门诊部,基本、离休、子女
浙江元墅养老服务有限公司杭州西兴医院,医疗机构,省本级定点,一级,杭州市滨江区西兴街道文育路98号1-2层,15990079409,浙江元墅养老服务有限公司杭州西兴医院,基本、离休、子女
杭州孙泰和丰潭路中医门诊部有限公司,医疗机构,门诊部诊所医务室村卫生室,一级,杭州市拱墅区丰潭路377号,13857148861,杭州孙泰和丰潭路中医门诊部有限公司,
杭州健怡诊所,医疗机构,门诊部诊所医务室村卫生室,一级,杭州市下城区永佳苑116号1幢107、108、109室,13357182555,杭州健怡诊所,
杭州太学眼科门诊部,医疗机构,门诊部诊所医务室村卫生室,一级,杭州市江干区景昙路9号西子国际中心A座1002~1005,88899280,杭州太学眼科门诊部,
杭州萧山海月护理院,医疗机构,医院,一级,杭州市萧山区经济技术开发区云章映月华庭10幢1层-2层、11幢1层-2层,13429176632,杭州萧山海月护理院,
杭州康源医疗管理有限公司祥符路中西医结合诊所,医疗机构,门诊部诊所医务室村卫生室,一级,拱墅区祥符路329号,18205810165,杭州康源医疗管理有限公司祥符路中西医结合诊所,
杭州朗颐护理院,医疗机构,医院,一级,杭州市江干区云峰大厦2幢4层、裙房三层301,15268837331,杭州朗颐护理院,
杭州木青堂中医诊所,医疗机构,门诊部诊所医务室村卫生室,一级,杭州文三西路446号,13566508875,杭州木青堂中医诊所,
杭州拱墅姚信法口腔诊所,医疗机构,门诊部诊所医务室村卫生室,一级,杭州市拱墅区普金家园11幢11-2号,13805795108,杭州拱墅姚信法口腔诊所,
杭州西湖福如堂中医门诊部,医疗机构,门诊部诊所医务室村卫生室,一级,杭州市学院路278-3,15967409996,杭州西湖福如堂中医门诊部,
杭州特加口腔门诊部,医疗机构,门诊部诊所医务室村卫生室,一级,杭州市下城区庆春路26-2号,13757129703,杭州特加口腔门诊部,
杭州余杭绿城蓝庭护理院,医疗机构,医院,一级,余杭临平蓝庭1号楼颐养公寓,13957107862,杭州余杭绿城蓝庭护理院,
武林（杭州）医院,医疗机构,医院,一级,杭州市下城区中山北路500号A幢1-3层,13777836485,武林（杭州）医院,
滨江高教园区门诊部,医疗机构,门诊部诊所医务室村卫生室,一级,滨江高教园区滨文路481号,13516805381,滨江高教园区门诊部,
杭州伟云健康管理有限公司正合口腔门诊部,医疗机构,门诊部诊所医务室村卫生室,一级,杭州市西湖区萍水西街53号,0571-88368866,杭州伟云健康管理有限公司正合口腔门诊部,
杭州华实医院,医疗机构,医院,一级,杭州市上城区西湖大道37-39号万新大厦37号108室37号201室39号201室,13858010159,杭州华实医院,
杭州泰康拜博口腔门诊部,医疗机构,门诊部诊所医务室村卫生室,一级,学院路18号德力西大厦1号楼二楼,81952916,杭州泰康拜博口腔门诊部,
杭州智圆衡大健康发展有限公司西溪中医诊所,医疗机构,门诊部诊所医务室村卫生室,一级,西湖区留下街道新凉亭马家坞28号104,13857169231,杭州智圆衡大健康发展有限公司西溪中医诊所,
杭州哈美健康管理有限公司崇义路口腔门诊部,医疗机构,门诊部诊所医务室村卫生室,一级,西湖区崇义路101、103号,88947789,杭州哈美健康管理有限公司崇义路口腔门诊部,
杭州市第三人民医院,医疗机构,医院,三级,"""浙江省杭州市上城区小营街道西湖大道38号",0571-87827204,杭州市第三人民医院,
杭州市滨江区长河街道社区卫生服务中心,医疗机构,社区卫生服务中心,社区,杭州市滨江区长河街道长江中路23号,86690301,杭州市滨江区长河街道社区卫生服务中心,
杭州禾芸嘉医院,医疗机构,门诊部诊所医务室村卫生室,一级,杭州市江干区彭埠街道鸿泰路98号,13758172313,杭州禾芸嘉医院,
浙江骨伤医院,医疗机构,医院,三级,"""浙江省杭州市拱墅区上塘街道石祥路287号",0571-28850750,浙江骨伤医院,
杭州汇成堂中医门诊部,医疗机构,门诊部诊所医务室村卫生室,一级,杭州市拱墅区长阳路401号3楼,13905718643,杭州汇成堂中医门诊部,
杭州泽苍健康管理有限公司德鑫堂诊所,医疗机构,门诊部诊所医务室村卫生室,一级,杭州经济开发区听涛路66号,88002429,杭州泽苍健康管理有限公司德鑫堂诊所,
浙江警官职业学院卫生所,医疗机构,门诊部诊所医务室村卫生室,一级,杭州市下沙开发区2号大街,15858253133,浙江警官职业学院卫生所,
杭州协诚健康管理有限公司余杭三曹街口腔诊所,医疗机构,门诊部诊所医务室村卫生室,一级,余杭区南苑街道三曹街73号,86169158,杭州协诚健康管理有限公司余杭三曹街口腔诊所,
杭州德盛堂健康管理有限责任公司双港路中医诊所,医疗机构,门诊部诊所医务室村卫生室,一级,西湖区金穗公寓营业房22室,86816136,杭州德盛堂健康管理有限责任公司双港路中医诊所,
杭州精点健康管理有限公司春晓路中医诊所,医疗机构,门诊部诊所医务室村卫生室,一级,杭州滨江区春晓路420号,87066846,杭州精点健康管理有限公司春晓路中医诊所,
杭州乐维口腔门诊部,医疗机构,门诊部诊所医务室村卫生室,一级,杭州市江干区新塘路4-3号,13588739239,杭州乐维口腔门诊部,
杭州众意口腔门诊部,医疗机构,门诊部诊所医务室村卫生室,一级,上城区中河中路170、172号,28061717,杭州众意口腔门诊部,
杭州国真堂中医门诊部有限公司,医疗机构,门诊部诊所医务室村卫生室,一级,杭州上城区三味庵巷5号7号,86831610,杭州国真堂中医门诊部有限公司,
浙江家家健康控股股份有限公司萧山城北诊所,医疗机构,门诊部诊所医务室村卫生室,一级,杭州萧山区北干街道博学路950、952号,13867197620,浙江家家健康控股股份有限公司萧山城北诊所,
浙江中医药大学附属第三医院,医疗机构,医院,三级,杭州市莫干山路219号,13456713910,浙江中医药大学附属第三医院,
杭州方回春堂滨江中医门诊部,医疗机构,门诊部诊所医务室村卫生室,一级,杭州市滨江区长河街道春晓路61号康康谷商业中心1幢101-7室，201-8室,18668018025,杭州方回春堂滨江中医门诊部,
杭州钱塘医疗门诊部,医疗机构,门诊部诊所医务室村卫生室,一级,文三路451号,85330121,杭州钱塘医疗门诊部,
杭州悦好口腔门诊部,医疗机构,门诊部诊所医务室村卫生室,一级,杭州市经济技术开发区海达南路848号,18367136850,杭州悦好口腔门诊部,
浙江家家健康控股股份有限公司萧山知稼苑诊所,医疗机构,门诊部诊所医务室村卫生室,一级,杭州萧山区北干街道金鸡路354、356号,13867197620,浙江家家健康控股股份有限公司萧山知稼苑诊所,
杭州大震堂中医诊所,医疗机构,门诊部诊所医务室村卫生室,一级,上城区中山南路409号,13818191342,杭州大震堂中医诊所,
杭州雅正口腔门诊部,医疗机构,门诊部诊所医务室村卫生室,一级,杭州市下城区凤起路268号,85805333,杭州雅正口腔门诊部,
浙江家家健康控股股份有限公司环丁路中医诊所,医疗机构,门诊部诊所医务室村卫生室,一级,杭州市江干区环丁路319号,82695400,浙江家家健康控股股份有限公司环丁路中医诊所,
杭州嫚雯健康管理咨询有限公司听涛路口腔诊所,医疗机构,门诊部诊所医务室村卫生室,一级,钱塘新区12号大街64号66号,86732780,杭州嫚雯健康管理咨询有限公司听涛路口腔诊所,
杭州硕亚口腔门诊部,医疗机构,门诊部诊所医务室村卫生室,一级,滨江区东信大道1028号,13958146345,杭州硕亚口腔门诊部,
杭州求是医院,医疗机构,医院,二级,杭州下城区沈家路108号星火公寓3号楼,18989871306,杭州求是医院,
杭州前进中医门诊部(原农工党浙江省委杭州中医门诊部),医疗机构,门诊部诊所医务室村卫生室,一级,杭州庆春路219号5楼,13515715338,杭州前进中医门诊部(原农工党浙江省委杭州中医门诊部),
杭州余杭鑫辰中医门诊部,医疗机构,门诊部诊所医务室村卫生室,一级,杭州市余杭区南苑街道政法街9-10号,15968887066,杭州余杭鑫辰中医门诊部,
下城区东新街道富春园社区卫生服务站,医疗机构,社区卫生服务中心,社区,东新街道德胜东村37幢底座商铺1-5号,13958114517,下城区东新街道富春园社区卫生服务站,
杭州深蓝奥沃健康管理有限公司奥体口腔门诊部,医疗机构,门诊部诊所医务室村卫生室,一级,滨江区西兴街道旭江华庭商铺6、7号商铺,85801896,杭州深蓝奥沃健康管理有限公司奥体口腔门诊部,
杭州昊泰妇儿医院,医疗机构,门诊部诊所医务室村卫生室,一级,杭州市西湖区紫宣路338号1号楼1楼、2楼、7-12楼,15868132673,杭州昊泰妇儿医院,
杭州潘氏健康管理有限公司天运口腔诊所,医疗机构,门诊部诊所医务室村卫生室,一级,杭州市江干区天运路41号1楼,87250590,杭州潘氏健康管理有限公司天运口腔诊所,
浙江农林大学卫生保健中心,医疗机构,门诊部诊所医务室村卫生室,一级,临安区武肃街666号,63740236,浙江农林大学卫生保健中心,
杭州市下城区朝晖街道社区卫生服务中心,医疗机构,社区卫生服务中心,社区,朝晖七区12号,85239941-222,杭州市下城区朝晖街道社区卫生服务中心,
浙江省妇幼和生殖保健中心,医疗机构,门诊部诊所医务室村卫生室,一级,杭州市万塘路256号省计生综合楼,13616717781,浙江省妇幼和生殖保健中心,
杭州河洛堂健康管理有限公司机场路中医诊所,医疗机构,门诊部诊所医务室村卫生室,一级,杭州市江干区机场路135-1号,15168399692,杭州河洛堂健康管理有限公司机场路中医诊所,
浙江老干部活动中心医务室,医疗机构,门诊部诊所医务室村卫生室,一级,杭州市曙光路45号,85082876,浙江老干部活动中心医务室,
杭州九三中医门诊部,医疗机构,门诊部诊所医务室村卫生室,一级,杭州市江干区太平门直街260号三新银座大厦三楼,13588711103,杭州九三中医门诊部,
杭州瑞志口腔门诊部,医疗机构,门诊部诊所医务室村卫生室,一级,杭州市下城区文晖路116号,13588116031,杭州瑞志口腔门诊部,
杭州全好健康管理有限公司信义坊口腔诊所,医疗机构,门诊部诊所医务室村卫生室,一级,杭州市拱墅区莫干山路318号,57186082819,杭州全好健康管理有限公司信义坊口腔诊所,
杭州市中医院,医疗机构,医院,三级,"""浙江省杭州市西湖区北山街道体育场路453号",0571-85827892,杭州市中医院,
浙江家家健康控股股份有限公司余杭临平邱山大街诊所,医疗机构,门诊部诊所医务室村卫生室,一级,杭州市余杭区临平街道邱山大街350、352号,,浙江家家健康控股股份有限公司余杭临平邱山大街诊所,
浙江省第六监狱医院,医疗机构,医院,一级,经济技术开发区下沙街道2号坝路600号,0571-86930104,浙江省第六监狱医院,
杭州冯应宏口腔诊所,医疗机构,门诊部诊所医务室村卫生室,一级,杭州市拱墅区董家路都市水乡水滟苑19幢19-11、19-12号,13429623752,杭州冯应宏口腔诊所,
浙江金融职业学院,医疗机构,门诊部诊所医务室村卫生室,一级,杭州市下沙高教园区学源街118号,18958092463,浙江金融职业学院,
杭州尚善医疗管理有限公司滨江口腔门诊部,医疗机构,门诊部诊所医务室村卫生室,二级,杭州市滨江区长河街道春江丽城商铺39号201室,85170716,杭州尚善医疗管理有限公司滨江口腔门诊部,
杭州萧山宏福医院有限公司,医疗机构,医院,一级,杭州市萧山区衙前镇新林周村,13616811883,杭州萧山宏福医院有限公司,
杭州孝福健康管理有限公司骆家庄中医诊所,医疗机构,门诊部诊所医务室村卫生室,一级,杭州市西湖区华苑公寓东5幢商场113-114号,13018912323,杭州孝福健康管理有限公司骆家庄中医诊所,
杭州瑞雅投资管理有限公司欣雅口腔门诊部,医疗机构,门诊部诊所医务室村卫生室,一级,杭州市西湖区文二西路669号二楼,,杭州瑞雅投资管理有限公司欣雅口腔门诊部,
杭州协友口腔门诊部,医疗机构,门诊部诊所医务室村卫生室,一级,杭州市文一路196号,0571-87961155,杭州协友口腔门诊部,
杭州胡庆余堂国药号有限公司第三中医门诊部,医疗机构,门诊部诊所医务室村卫生室,一级,杭州市上城区清波街道大井巷86号,18958001616,杭州胡庆余堂国药号有限公司第三中医门诊部,
浙江树人大学卫生所,医疗机构,门诊部诊所医务室村卫生室,一级,杭州市拱墅区舟山东路39号,13634138501,浙江树人大学卫生所,
浙江中医药大学附属口腔医院,医疗机构,门诊部诊所医务室村卫生室,一级,杭州市滨江区滨文路529号立德园1幢C座3-4层,28281555301,浙江中医药大学附属口腔医院,
杭州罗邦健康管理有限公司登云路口腔门诊部,医疗机构,门诊部诊所医务室村卫生室,一级,拱墅区登云路189号,85180033,杭州罗邦健康管理有限公司登云路口腔门诊部,
杭州雅缘健康管理有限公司范家路口腔诊所,医疗机构,门诊部诊所医务室村卫生室,一级,江干区玉兰公寓4幢107临室二楼,88860268,杭州雅缘健康管理有限公司范家路口腔诊所,
杭州钱塘新区白杨街道闻潮社区卫生服务中心,医疗机构,社区卫生服务中心,社区,钱塘新区白杨街道25号大街与听涛路交叉口,86917565,杭州钱塘新区白杨街道闻潮社区卫生服务中心,
杭州君康中医诊所,医疗机构,门诊部诊所医务室村卫生室,一级,杭州市下城区东新街道万家星城20幢商1,87381660,杭州君康中医诊所,
杭州西湖孙向荣口腔诊所,医疗机构,门诊部诊所医务室村卫生室,一级,文二路49号,13588123251,杭州西湖孙向荣口腔诊所,
杭州桐君堂第二中医门诊部,医疗机构,门诊部诊所医务室村卫生室,一级,上城区郭东园巷2号、2-1号，江城路871号二楼，873号二楼,86072747,杭州桐君堂第二中医门诊部,
中国人民解放军南京军区杭州疗养院海勤疗养区,医疗机构,医院,一级,杭州玉皇山路76号,15988810456,中国人民解放军南京军区杭州疗养院海勤疗养区,
杭州市萧山区第一人民医院,医疗机构,医院,三级,杭州市萧山区城厢街道市心南路199号,18969957073,杭州市萧山区第一人民医院,
杭州方回春堂丁桥中医门诊部,医疗机构,门诊部诊所医务室村卫生室,一级,杭州市江干区环丁卢563号-2  567号、569、571号,15669975130,杭州方回春堂丁桥中医门诊部,
杭州富阳东吴医院有限公司,医疗机构,社区卫生服务中心,一级,杭州市富阳区富春街道金桥北路478、450号,0571-23270000,杭州富阳东吴医院有限公司,
杭州之钰堂同人路中医门诊部,医疗机构,门诊部诊所医务室村卫生室,一级,杭州市滨江区长河街道同人路65号,13362183769,杭州之钰堂同人路中医门诊部,
杭州玉鼎中医诊所有限公司,医疗机构,门诊部诊所医务室村卫生室,一级,杭州市上城区建国南路139号,18321847942,杭州玉鼎中医诊所有限公司,
杭州禧鹿堂健康管理有限责任公司汉之昀中医门诊部,医疗机构,门诊部诊所医务室村卫生室,一级,拱墅区申花路33号,85111583,杭州禧鹿堂健康管理有限责任公司汉之昀中医门诊部,
杭州心悦诊所,医疗机构,门诊部诊所医务室村卫生室,一级,杭州市下城区中河北路60号,87837001,杭州心悦诊所,
浙江传媒学院卫生所,医疗机构,门诊部诊所医务室村卫生室,一级,杭州市下沙高教园区学源街998号,13067729801,浙江传媒学院卫生所,
杭州灵兰中医门诊部,医疗机构,门诊部诊所医务室村卫生室,一级,杭州市滨江区盛庐商铺10号,86795616,杭州灵兰中医门诊部,
杭州文品健康管理有限公司天城东路口腔门诊部,医疗机构,门诊部诊所医务室村卫生室,一级,杭州经济技术开发区下沙街道天诚东路213、215室,13802052169,杭州文品健康管理有限公司天城东路口腔门诊部,
杭州邻嘉康复护理院,医疗机构,医院,一级,杭州市江干区彭埠街道环站东路385号元宝塘邻居中心南楼7-12层,1377527446,杭州邻嘉康复护理院,
杭州江干康爱医疗门诊部,医疗机构,门诊部诊所医务室村卫生室,一级,杭州市江干区彭埠镇五堡四区114-1号,13666678048,杭州江干康爱医疗门诊部,
杭州德吉医疗门诊部有限公司,医疗机构,门诊部诊所医务室村卫生室,一级,西湖区文一西路147-1号,15355712796,杭州德吉医疗门诊部有限公司,
杭州同创医学检验实验室,医疗机构,门诊部诊所医务室村卫生室,一级,杭州市下城区华中南路672号3幢405、501室,57897019,杭州同创医学检验实验室,
杭州挚信口腔门诊部,医疗机构,门诊部诊所医务室村卫生室,一级,下城区国都发展大厦404室-2,85818369,杭州挚信口腔门诊部,
杭州立扬口腔门诊部,医疗机构,门诊部诊所医务室村卫生室,一级,杭州市下城区朝晖路109号,86698985,杭州立扬口腔门诊部,
杭州市江干区杏林堂中医诊所,医疗机构,门诊部诊所医务室村卫生室,一级,杭州市庆春东路82-4号,15397160906,杭州市江干区杏林堂中医诊所,
杭州华厦眼科医院,医疗机构,医院,二级,杭州市古墩路671号申悦国际1-3层,58119787,杭州华厦眼科医院,
杭州滨江包茶香口腔门诊部,医疗机构,门诊部诊所医务室村卫生室,一级,西兴街道古塘路31-35号,13757126398,杭州滨江包茶香口腔门诊部,
杭州余杭富春骨伤医院,医疗机构,医院,一级,余杭区余杭街道凤新路358-1号,57890308,杭州余杭富春骨伤医院,
杭州拱墅区侨盛口腔诊所有限公司,医疗机构,门诊部诊所医务室村卫生室,一级,杭州市湖墅北路79-3号,85279983,杭州拱墅区侨盛口腔诊所有限公司,
杭州然雅口腔门诊部,医疗机构,门诊部诊所医务室村卫生室,一级,杭州市江干区钱江国际时代广场2幢501室,13003609516,杭州然雅口腔门诊部,
杭州品凯健康管理有限公司丰潭路口腔诊所,医疗机构,门诊部诊所医务室村卫生室,一级,杭州市拱墅区湖州街130号,13575484728,杭州品凯健康管理有限公司丰潭路口腔诊所,
杭州华方医疗投资管理有限公司金堡街诊所,医疗机构,门诊部诊所医务室村卫生室,一级,杭州市江干区金堡街332、334、336号,,杭州华方医疗投资管理有限公司金堡街诊所,
杭州拱墅冯军口腔诊所,医疗机构,门诊部诊所医务室村卫生室,一级,拱墅区科园路209号,18657125516,杭州拱墅冯军口腔诊所,
杭州艾博医疗门诊部有限公司,医疗机构,门诊部诊所医务室村卫生室,一级,杭州市庆春路138号101室-1,13720841027,杭州艾博医疗门诊部有限公司,
民生多仁口腔门诊部有限公司,医疗机构,门诊部诊所医务室村卫生室,一级,杭州市下城区体育场路370号301室,18768182580,民生多仁口腔门诊部有限公司,
杭州吉鸿中医门诊部有限公司顾扬路中医诊所,医疗机构,门诊部诊所医务室村卫生室,一级,杭州市拱墅区顾扬路531号,87382508,杭州吉鸿中医门诊部有限公司顾扬路中医诊所,
杭州方回春堂拱宸桥国医门诊部有限公司,医疗机构,门诊部诊所医务室村卫生室,一级,桥弄街3、5、7、9、11号,89931606,杭州方回春堂拱宸桥国医门诊部有限公司,
杭州悦牙口腔医疗健康管理有限公司余杭良褚口腔门诊部,医疗机构,门诊部诊所医务室村卫生室,一级,杭州市余杭区良褚街道万家名城10幢10-2室,15715739595,杭州悦牙口腔医疗健康管理有限公司余杭良褚口腔门诊部,
杭州一二八医院,医疗机构,医院,二级,杨公堤27号。,13567163063,杭州一二八医院,
国网浙江省电力有限公司综合服务分公司医务室,医疗机构,门诊部诊所医务室村卫生室,一级,杭州市西湖区黄龙路8号343室,13588108501,国网浙江省电力有限公司综合服务分公司医务室,
杭州萧山云草中医门诊部,医疗机构,门诊部诊所医务室村卫生室,一级,萧山区北干街道金城路182号401~402室,82312001,杭州萧山云草中医门诊部,
杭州余杭泰康医疗门诊部,医疗机构,门诊部诊所医务室村卫生室,一级,杭州市余杭区临平东湖中路157号,18758283532,杭州余杭泰康医疗门诊部,
杭州佳齿健康管理有限公司小河口腔诊所,医疗机构,门诊部诊所医务室村卫生室,一级,拱墅区大关路21号,86086346,杭州佳齿健康管理有限公司小河口腔诊所,
杭州市第一人民医院,医疗机构,医院,三级,"""浙江省杭州市上城区湖滨街道浣纱路261号",0571-87039427,杭州市第一人民医院,
杭州明悦口腔门诊部,医疗机构,门诊部诊所医务室村卫生室,一级,杭州市江干区四季青街道钱潮路456号1102室,13567756360,杭州明悦口腔门诊部,
浙江艾博医学影像诊断中心,医疗机构,门诊部诊所医务室村卫生室,一级,杭州市下城区庆春路138号101.201.202.203室,,浙江艾博医学影像诊断中心,
杭州植雅口腔门诊部,医疗机构,门诊部诊所医务室村卫生室,一级,杭州市江干区笕桥镇明桂南苑1幢底商2号,13868135873,杭州植雅口腔门诊部,
杭州阿伊咔中医诊所,医疗机构,门诊部诊所医务室村卫生室,一级,杭州市拱墅区塘萍路376、378号,57897019,杭州阿伊咔中医诊所,
杭州焦视眼科医院有限公司滨江眼科门诊部,医疗机构,门诊部诊所医务室村卫生室,一级,滨江区长河街道江南大街288号1幢301-2室,86758330,杭州焦视眼科医院有限公司滨江眼科门诊部,
杭州百浩口腔门诊部,医疗机构,省本级定点,一级,杭州市下城区东新路681号,85191333,杭州百浩口腔门诊部,基本、离休、子女
杭州品凯健康管理有限公司丁桥口腔门诊部,医疗机构,门诊部诊所医务室村卫生室,一级,杭州市江干区明珠街488、490号,88081352,杭州品凯健康管理有限公司丁桥口腔门诊部,
杭州市西湖区翠苑街道社区卫生服务中心,医疗机构,社区卫生服务中心,社区,杭州市西湖区翠苑一区36号,15967159571,杭州市西湖区翠苑街道社区卫生服务中心,
杭州口腔医院城北分院,医疗机构,医院,一级,浙江省杭州市拱墅区上塘路458号建华水晶大厦水晶城购物中心八楼、九楼,15857194006,杭州口腔医院城北分院,
杭州方回春堂七堡爱警中医门诊部,医疗机构,门诊部诊所医务室村卫生室,一级,江干区九和路528号1幢商铺T1楼29、30号,87187528,杭州方回春堂七堡爱警中医门诊部,
杭州汤养元中医门诊部有限公司,医疗机构,门诊部诊所医务室村卫生室,一级,杭州市上城区中山中路323号二、三、四楼、中山中路317号二楼,87028919,杭州汤养元中医门诊部有限公司,
杭州市五云山医院,医疗机构,医院,一级,九溪二龙头,86591844-1806,杭州市五云山医院,
杭州市萧山区义蓬街道社区卫生服务中心,医疗机构,社区卫生服务中心,社区,杭州市萧山区义蓬街道头蓬街闸北路5号,0571-82973361,杭州市萧山区义蓬街道社区卫生服务中心,
杭州市推拿医院（杭州市民福医院）,医疗机构,门诊部诊所医务室村卫生室,一级,杭州市解放路229号,13757155322,杭州市推拿医院（杭州市民福医院）,
杭州麦缇斯健康管理有限公司金华路口腔门诊部,医疗机构,门诊部诊所医务室村卫生室,一级,杭州市金华南路锦昌文华苑108号,18758120842,杭州麦缇斯健康管理有限公司金华路口腔门诊部,
杭州余杭德宜早安综合门诊部,医疗机构,门诊部诊所医务室村卫生室,一级,"""杭州市余杭区中泰街道中泰路339-1",88630200,杭州余杭德宜早安综合门诊部,
杭州市余杭区第二人民医院,医疗机构,医院,二级,余杭区余杭镇安乐路80号,18969003330,杭州市余杭区第二人民医院,
杭州缅伯高中医诊所,医疗机构,门诊部诊所医务室村卫生室,一级,杭州市下城区刀茅巷42-1号,15397034893,杭州缅伯高中医诊所,
中国人民财产保险股份有限公司杭州市分公司,医疗机构,门诊部诊所医务室村卫生室,一级,体育场路27号,85867508,中国人民财产保险股份有限公司杭州市分公司,
杭州鹏念健康管理有限公司学正街诊所,医疗机构,省本级定点,一级,杭州经济技术开发区白杨街道江潮巷131-2号,15968162065,杭州鹏念健康管理有限公司学正街诊所,基本、离休、子女
杭州明皓口腔门诊部有限公司,医疗机构,门诊部诊所医务室村卫生室,一级,杭州经济技术开发区十号大街12-13号,15226579716,杭州明皓口腔门诊部有限公司,
杭州萧山微麦思外科门诊部,医疗机构,门诊部诊所医务室村卫生室,一级,萧山区宁围街道振宁路750-762号,82139120,杭州萧山微麦思外科门诊部,
浙江水利水电学院卫生所,医疗机构,门诊部诊所医务室村卫生室,一级,杭州下沙学林街583号卫生所,13588838475,浙江水利水电学院卫生所,
杭州种福堂中医医院,医疗机构,门诊部诊所医务室村卫生室,一级,杭州市拱墅区石祥路242号1幢,85226856,杭州种福堂中医医院,
杭州普众健康管理有限公司教工路中医门诊部,医疗机构,门诊部诊所医务室村卫生室,一级,杭州市西湖区教工路306-308号,13136107218,杭州普众健康管理有限公司教工路中医门诊部,
杭州康弛口腔诊所,医疗机构,门诊部诊所医务室村卫生室,一级,杭州市江干区彭埠街道九和路660号杨柳郡园二区商铺B112,85224575,杭州康弛口腔诊所,
杭州天歌健康管理有限公司大江东临江时代花苑,医疗机构,门诊部诊所医务室村卫生室,一级,浙江省杭州市大江东产业集聚区临江街纬六路1048、1050、1052号,13071800567,杭州天歌健康管理有限公司大江东临江时代花苑,
杭州上城泰仁堂中医门诊部,医疗机构,门诊部诊所医务室村卫生室,一级,浙江省杭州市上城区四宜路24号，26号，28号，30号，32号，34号,18888958755,杭州上城泰仁堂中医门诊部,
杭州国老堂中医诊所,医疗机构,省本级定点,一级,杭州市滨江区西兴街道江陵路1539号,18969057877,杭州国老堂中医诊所,基本、离休、子女
杭州健亨中医门诊部,医疗机构,门诊部诊所医务室村卫生室,一级,环城东路307号,15888808559,杭州健亨中医门诊部,
浙江家家健康控股股份有限公司余杭南苑政法街中医诊所,医疗机构,门诊部诊所医务室村卫生室,一级,杭州市余杭区南苑街道政法街115-117号,,浙江家家健康控股股份有限公司余杭南苑政法街中医诊所,
中大金石朗和（杭州）护理院,医疗机构,医院,一级,杭州市下城区东新路822号中大银泰城2号楼1层、5-8层,18255460659,中大金石朗和（杭州）护理院,
杭州睿荣健康管理有限公司三里亭口腔诊所,医疗机构,门诊部诊所医务室村卫生室,一级,杭州市江干区三里亭苑四区31幢底商203室,15306815856,杭州睿荣健康管理有限公司三里亭口腔诊所,
杭州余杭邦尔医院,医疗机构,医院,二级,余杭经济开发区新天路81-83,18358140928,杭州余杭邦尔医院,
杭州富杭中医医院,医疗机构,医院,一级,杭州市下城区沈家路西联商务中心1幢（东新路沈家路11号）,15858172022,杭州富杭中医医院,
杭州牙科医院有限公司萧山口腔诊所,医疗机构,门诊部诊所医务室村卫生室,一级,萧山区北干街道市心中路327、329号,0571-82631111,杭州牙科医院有限公司萧山口腔诊所,
杭州品凯健康管理有限公司彭埠口腔门诊部,医疗机构,门诊部诊所医务室村卫生室,一级,江干区彭埠街道晓时代公寓8幢101室,88081352,杭州品凯健康管理有限公司彭埠口腔门诊部,
杭州扶阳堂健康管理咨询有限公司江晖中医诊所,医疗机构,门诊部诊所医务室村卫生室,一级,杭州市滨江区滨和路998号中赢国际商务大厦2幢501-3室,81602786,杭州扶阳堂健康管理咨询有限公司江晖中医诊所,
杭州菁菁中医诊所,医疗机构,门诊部诊所医务室村卫生室,一级,杭州市拱墅区万达商业中心2幢144、145,15157185779,杭州菁菁中医诊所,
杭州宝泰堂中医门诊部有限公司,医疗机构,门诊部诊所医务室村卫生室,一级,杭州市西湖区文二西路519号,15824190786,杭州宝泰堂中医门诊部有限公司,
杭州凯洁口腔门诊部,医疗机构,门诊部诊所医务室村卫生室,一级,杭州市江干区丁桥景园北苑12号,15658821768,杭州凯洁口腔门诊部,
杭州杭源中医门诊部,医疗机构,门诊部诊所医务室村卫生室,一级,杭州市江干区惠北支路71、73号,13588134195,杭州杭源中医门诊部,
杭州春辉口腔门诊部,医疗机构,门诊部诊所医务室村卫生室,一级,杭州市下城区白石路84号,13388614473,杭州春辉口腔门诊部,
杭州瑞致健康管理有限公司唯雅口腔门诊部,医疗机构,门诊部诊所医务室村卫生室,一级,杭州经济技术开发区盛泰名都公寓2幢商铺4-2,13757102269,杭州瑞致健康管理有限公司唯雅口腔门诊部,
杭州富阳树康康复医院有限公司,医疗机构,医院,一级,浙江省杭州市富阳区富春街道北环路391号第一幢393号第一幢,15158119507,杭州富阳树康康复医院有限公司,
浙江家家健康控股股份有限公司萧山新街枫香路诊所,医疗机构,门诊部诊所医务室村卫生室,一级,萧山区新街街道枫香路393号,13967117873,浙江家家健康控股股份有限公司萧山新街枫香路诊所,
杭州永春堂中医门诊部有限公司,医疗机构,门诊部诊所医务室村卫生室,一级,杭州市下城区上塘路188号（临）、188-2号（临）,13634160006,杭州永春堂中医门诊部有限公司,
杭州余杭飞鸟口腔门诊部,医疗机构,门诊部诊所医务室村卫生室,一级,余杭区南苑街道南苑街144、146、148号,89188826,杭州余杭飞鸟口腔门诊部,
浙江大学医学院附属邵逸夫医院,医疗机构,医院,三级,浙江省杭州市江干区采荷街道庆春东路3号,0571-86006589,浙江大学医学院附属邵逸夫医院,
上海维佳康口腔门诊部有限公司杭州湖墅南路口腔诊所,医疗机构,门诊部诊所医务室村卫生室,一级,杭州市拱墅区湖墅南路57-73号A区3-4号营业房,13757795312,上海维佳康口腔门诊部有限公司杭州湖墅南路口腔诊所,
杭州贝齿乐口腔门诊部,医疗机构,门诊部诊所医务室村卫生室,一级,杭州市上城区映霞街74号,13376826826,杭州贝齿乐口腔门诊部,
杭州同於德仁中医诊所,医疗机构,门诊部诊所医务室村卫生室,一级,杭州市上城区复兴南路335号,13666692302,杭州同於德仁中医诊所,
杭州中治中医诊所,医疗机构,门诊部诊所医务室村卫生室,一级,杭州市江干区金堡街310-312号,18058780379,杭州中治中医诊所,
杭州品凯健康管理有限公司登云路口腔诊所,医疗机构,门诊部诊所医务室村卫生室,一级,杭州市拱墅区登云路11、13、15、17号,87961190,杭州品凯健康管理有限公司登云路口腔诊所,
杭州市西湖区郑浩华口腔门诊部,医疗机构,门诊部诊所医务室村卫生室,一级,杭州市西湖区文一西路38号,18668129957,杭州市西湖区郑浩华口腔门诊部,
微医医疗投资管理（杭州）有限公司武林综合门诊部,医疗机构,门诊部诊所医务室村卫生室,一级,杭州市体育场路370号502室,85230033,微医医疗投资管理（杭州）有限公司武林综合门诊部,
杭州乐天派英智康复医院,医疗机构,医院,二级,杭州市滨江区滨文路200号2幢,13521709717,杭州乐天派英智康复医院,
杭州养德中医门诊部,医疗机构,门诊部诊所医务室村卫生室,一级,杭州市下城区长城街45号47号,13067759939,杭州养德中医门诊部,
杭州博苑口腔门诊部,医疗机构,门诊部诊所医务室村卫生室,一级,西湖区杭大路15号嘉华国际商务中心201室,85215085,杭州博苑口腔门诊部,
杭州九洲医疗卫生服务有限公司下沙中西医结合门诊部,医疗机构,门诊部诊所医务室村卫生室,一级,杭州市经济技术开发区上沙路220-107室,18906525579,杭州九洲医疗卫生服务有限公司下沙中西医结合门诊部,
浙江萧山医院,医疗机构,医院,三级,萧山区育才北路728号,83865635,浙江萧山医院,
杭州市上城区笕桥街道社区卫生服务中心,医疗机构,社区卫生服务中心,社区,机场路230-1号和机场路238-6号,13575729507,杭州市上城区笕桥街道社区卫生服务中心,
杭州竞创医疗科技有限公司普德路中医诊所,医疗机构,门诊部诊所医务室村卫生室,一级,杭州市江干区普德家园南区1幢普德路8-1号6、8号2楼,15700067219,杭州竞创医疗科技有限公司普德路中医诊所,
杭州易健中医诊所,医疗机构,门诊部诊所医务室村卫生室,一级,杭州市滨江区长河街道江汉路1370、1372号2层,85389724,杭州易健中医诊所,
浙江省人民政府办公厅莫干山管理局医务室,医疗机构,门诊部诊所医务室村卫生室,一级,莫干山风景区42号,13867291411,浙江省人民政府办公厅莫干山管理局医务室,
浙江康复医院,医疗机构,医院,二级,观音堂路103号,13906522886,浙江康复医院,
杭州闻潮口腔门诊部,医疗机构,门诊部诊所医务室村卫生室,一级,杭州市上城区钱江路侯潮府商铺8-103,86711896,杭州闻潮口腔门诊部,
杭州胡庆余堂健康科技有限公司益汇路中医诊所,医疗机构,门诊部诊所医务室村卫生室,一级,杭州市江干区彭埠街道维萨新筑1幢底商5,87834186,杭州胡庆余堂健康科技有限公司益汇路中医诊所,
杭州固德口腔门诊部,医疗机构,门诊部诊所医务室村卫生室,一级,杭州市滨江区西兴街道滨康路108、110号,86674558,杭州固德口腔门诊部,
西湖街道社区卫生服务中心,医疗机构,社区卫生服务中心,社区,杭州市龙井路16号,13858140689,西湖街道社区卫生服务中心,
杭州全景麒麟门诊部,医疗机构,门诊部诊所医务室村卫生室,一级,杭州上城区江城路893号-2,13456783112,杭州全景麒麟门诊部,
杭州下城和康元中医诊所,医疗机构,门诊部诊所医务室村卫生室,一级,下城区丽景苑3幢建国北路117号1楼,18058715633,杭州下城和康元中医诊所,
杭州品凯健康管理有限公司凤起东路口腔诊所,医疗机构,门诊部诊所医务室村卫生室,一级,江干区凤起东路268-274号,88081352,杭州品凯健康管理有限公司凤起东路口腔诊所,
杭州冯督泰堂健康管理有限公司盛泰名都中医诊所,医疗机构,门诊部诊所医务室村卫生室,一级,杭州经济技术开发区白杨街道盛泰名都公寓2幢商铺6-2号,86712981,杭州冯督泰堂健康管理有限公司盛泰名都中医诊所,
杭州市职业病防治院（市预防保健门诊部）,医疗机构,门诊部诊所医务室村卫生室,一级,杭州市朝晖二区五幢,13857157108,杭州市职业病防治院（市预防保健门诊部）,
杭州市第九人民医院,医疗机构,医院,二级,萧山区义蓬街道义隆路98号,18072720318,杭州市第九人民医院,
杭州沿江健康管理有限公司十号街诊所,医疗机构,门诊部诊所医务室村卫生室,一级,杭州市经济技术开发区10号街 （东）10-1号,18158186360,杭州沿江健康管理有限公司十号街诊所,
杭州瑞齿口腔诊所,医疗机构,门诊部诊所医务室村卫生室,一级,杭州上城区秋涛路296-3,13516853780,杭州瑞齿口腔诊所,
杭州健文诊所,医疗机构,门诊部诊所医务室村卫生室,一级,杭州市滨江区长河街道盛庐商铺6号2楼,18382448915,杭州健文诊所,
杭州萃萱堂健康管理有限公司余杭闲林翡翠城中医诊所,医疗机构,门诊部诊所医务室村卫生室,一级,杭州市余杭区闲林街道翡翠城西泠苑6幢6-4室2层,13357122277,杭州萃萱堂健康管理有限公司余杭闲林翡翠城中医诊所,
杭州和康康复医院,医疗机构,医院,二级,杭州市拱墅区沈半路476号,13731893715,杭州和康康复医院,
杭州市上城区望江街道兴隆社区卫生服务站,医疗机构,社区卫生服务中心,社区,杭州市上城区婺江家园三园3幢4号201、3幢2号（一楼）,13588067307,杭州市上城区望江街道兴隆社区卫生服务站,
浙江家家健康控股股份有限公司余杭东湖诊所,医疗机构,门诊部诊所医务室村卫生室,一级,杭州市余杭区东湖街道邱山大街746、748号,,浙江家家健康控股股份有限公司余杭东湖诊所,
杭州恩华医院,医疗机构,医院,一级,杭州市西湖区三墩镇石祥西路859号紫金启真大厦5号楼,18767117451,杭州恩华医院,
杭州弘景祥医疗科技有限公司弘济堂中医诊所,医疗机构,门诊部诊所医务室村卫生室,一级,杭州市拱墅区上塘路871号二楼,15381022958,杭州弘景祥医疗科技有限公司弘济堂中医诊所,
浙江省女子监狱卫生所,医疗机构,门诊部诊所医务室村卫生室,一级,杭州市西湖区翠苑三区育新路16号,15382310770,浙江省女子监狱卫生所,
杭州月伴湾护理中心,医疗机构,门诊部诊所医务室村卫生室,一级,拱墅区化纤新村湖州街何家村73-2,18906515076,杭州月伴湾护理中心,
杭州亮贝美城西口腔门诊部,医疗机构,门诊部诊所医务室村卫生室,一级,西湖区古墩路1039-4号,56700800,杭州亮贝美城西口腔门诊部,
杭州稚川古方养生科技有限公司稚川堂中医诊所,医疗机构,门诊部诊所医务室村卫生室,一级,杭州市河坊街25号,13757154581,杭州稚川古方养生科技有限公司稚川堂中医诊所,
杭州市第一人民医院集团市民中心医务室,医疗机构,医院,一级,沈半路469号,18806507648,杭州市第一人民医院集团市民中心医务室,
杭州彩虹鱼康养护理站,医疗机构,医院,一级,杭州市上城区红巷生活广场2号楼小营公园7号201号,13867485012,杭州彩虹鱼康养护理站,
杭州墩峰医疗科技有限公司花园岗中医诊所,医疗机构,省本级定点,一级,浙江省杭州市拱墅区郭家库巷20号-2-一层，20号二层,13588034365,杭州墩峰医疗科技有限公司花园岗中医诊所,基本、离休、子女
杭州全德堂综合门诊部,医疗机构,门诊部诊所医务室村卫生室,一级,杭州市上城区解放路1-1号,13850137651,杭州全德堂综合门诊部,
浙江家家健康控股股份有限公司余杭东湖北路中西医结合诊所,医疗机构,门诊部诊所医务室村卫生室,一级,杭州市余杭区东湖街道东湖北路130、132、134、136号,,浙江家家健康控股股份有限公司余杭东湖北路中西医结合诊所,
杭州未来科技城医院,医疗机构,医院,一级,余杭区文一西路1333号2幢,26282869,杭州未来科技城医院,
杭州市上城区胡旭东口腔诊所,医疗机构,门诊部诊所医务室村卫生室,一级,杭州市上城区环城东路114号,13018994541,杭州市上城区胡旭东口腔诊所,
杭州薏仁轩健康管理有限公司广业街中医门诊部,医疗机构,门诊部诊所医务室村卫生室,一级,杭州市拱墅区广业街312、314号一楼，308、310、312、314号二楼,18757509906,杭州薏仁轩健康管理有限公司广业街中医门诊部,
杭州慈易堂中医门诊部,医疗机构,门诊部诊所医务室村卫生室,一级,杭州市下城区西文街199号201-4室,13735416381,杭州慈易堂中医门诊部,
杭州震元堂中医门诊部有限公司,医疗机构,门诊部诊所医务室村卫生室,一级,高银街58号,87926630,杭州震元堂中医门诊部有限公司,
杭州泓鹏医疗门诊部,医疗机构,省本级定点,一级,杭州市下城区香积寺路185-2、3层,13456750158,杭州泓鹏医疗门诊部,基本、离休、子女
杭州玛莉亚妇产医院有限公司,医疗机构,医院,一级,秋涛路300号,13958194334,杭州玛莉亚妇产医院有限公司,
中国兵器装备集团杭州疗养院,医疗机构,医院,一级,杭州市富阳区江滨江大道5号,13806528580,中国兵器装备集团杭州疗养院,
杭州华方医疗投资管理有限公司格畈家园诊所,医疗机构,门诊部诊所医务室村卫生室,一级,杭州市江干区九堡镇三村二区45号一楼,,杭州华方医疗投资管理有限公司格畈家园诊所,
杭州广仁医院,医疗机构,医院,一级,新塘路327号,15988135265,杭州广仁医院,
杭州祥康健康管理有限公司良褚棕榈路中西结合诊所,医疗机构,门诊部诊所医务室村卫生室,一级,余杭区良褚街道棕榈路87号,13333636613,杭州祥康健康管理有限公司良褚棕榈路中西结合诊所,
杭州中和风湿免疫专科门诊部有限公司,医疗机构,门诊部诊所医务室村卫生室,一级,杭州市滨江区西兴街道滨盛路1509号天恒大厦201-1室,18758898458,杭州中和风湿免疫专科门诊部有限公司,
杭州玛睿西医内科诊所有限公司,医疗机构,门诊部诊所医务室村卫生室,一级,滨江区东信大道428-9.10,18868836369,杭州玛睿西医内科诊所有限公司,
杭州市江干区东哲口腔诊所,医疗机构,门诊部诊所医务室村卫生室,一级,杭州市江干区杭海路238号森禾商务广场二幢二楼商铺202,13675817591,杭州市江干区东哲口腔诊所,
浙江家家健康控股股份有限公司杭州下城杭玻街西医内科诊所,医疗机构,门诊部诊所医务室村卫生室,一级,杭州市下城区杭玻街739号,82695400,浙江家家健康控股股份有限公司杭州下城杭玻街西医内科诊所,
杭州济宁堂中医诊所,医疗机构,省本级定点,一级,杭州市下城区建国北路300号,13173667122,杭州济宁堂中医诊所,基本、离休、子女
杭州余杭区济远堂门诊部有限公司,医疗机构,门诊部诊所医务室村卫生室,一级,杭州市余杭区人民大道532号,,杭州余杭区济远堂门诊部有限公司,
杭州枫上医院,医疗机构,省本级定点,一级,杭州市西湖区转塘街道象山路363号,86890689,杭州枫上医院,基本、离休、子女
杭州胡庆余堂第二中医门诊部有限公司(原庆余中医门诊部）,医疗机构,门诊部诊所医务室村卫生室,一级,杭州市大井巷95号,13588788610,杭州胡庆余堂第二中医门诊部有限公司(原庆余中医门诊部）,
杭州葆源口腔门诊部,医疗机构,门诊部诊所医务室村卫生室,一级,杭州市江干区丁桥镇惠兰雅路537号,13957117199,杭州葆源口腔门诊部,
浙江大学医学院附属儿童医院,医疗机构,医院,三级,杭州滨江区滨盛路3333号,13958052188,浙江大学医学院附属儿童医院,
杭州傅同春堂中医门诊部有限公司,医疗机构,门诊部诊所医务室村卫生室,一级,杭州市上城区三味庵巷5-7号,18668069918,杭州傅同春堂中医门诊部有限公司,
杭州市拱墅区妇幼保健计划生育服务中心,医疗机构,社区卫生服务中心,一级,杭州市余杭塘路1号拱墅健康大厦九层、十层,15088667202,杭州市拱墅区妇幼保健计划生育服务中心,
杭州富春中医骨伤医院,医疗机构,医院,二级,杭州市江干区丁桥镇笕丁路368号,13588376609,杭州富春中医骨伤医院,
杭州方回春堂同心中医门诊部有限公司,医疗机构,省本级定点,一级,杭州市江干区景昙路9号西子国际中兴A座1001,13958059551,杭州方回春堂同心中医门诊部有限公司,基本、离休、子女
杭州西湖朝聚眼科医院,医疗机构,医院,一级,杭州市西湖区文二路166号,18069860968,杭州西湖朝聚眼科医院,
杭州市临安区第一人民医院,医疗机构,医院,三级,杭州市临安区衣锦街548号,58622578,杭州市临安区第一人民医院,
杭州黎雪口腔诊所,医疗机构,门诊部诊所医务室村卫生室,一级,杭州市下城区仙林桥直街13号,13588119140,杭州黎雪口腔诊所,
杭州市拱墅区祥符街道社区卫生服务中心,医疗机构,社区卫生服务中心,社区,三墩路57号,56302088,杭州市拱墅区祥符街道社区卫生服务中心,
杭州市萧山区河庄街道社区卫生服务中心,医疗机构,门诊部诊所医务室村卫生室,社区,杭州市萧山区河庄街道河庄路1200号,0571-83511539,杭州市萧山区河庄街道社区卫生服务中心,
杭州仁可口腔门诊部,医疗机构,门诊部诊所医务室村卫生室,一级,拱墅区锦兰公寓16-6商铺,15167147939,杭州仁可口腔门诊部,
杭州市滨江区浦沿街道社区卫生服务中心,医疗机构,社区卫生服务中心,社区,滨江区浦沿街道浦沿路138号,15968102355,杭州市滨江区浦沿街道社区卫生服务中心,
杭州余杭广誉远中医诊所,医疗机构,门诊部诊所医务室村卫生室,一级,杭州市余杭区南苑街道人民大道258号康城一品4-7商铺,13735508181,杭州余杭广誉远中医诊所,
杭州赤脚行中医门诊部,医疗机构,门诊部诊所医务室村卫生室,一级,杭州市拱墅区永庆路181-197号,13911581903,杭州赤脚行中医门诊部,
杭州求是眼科医院,医疗机构,医院,一级,杭州市西湖区文二路383号,15867120651,杭州求是眼科医院,
杭州瑞创口腔医疗管理有限公司二十五号大街口腔门诊部,医疗机构,门诊部诊所医务室村卫生室,一级,杭州经济技术开发区25号大街43号,82629115,杭州瑞创口腔医疗管理有限公司二十五号大街口腔门诊部,
杭州拱墅陈红莹口腔诊所,医疗机构,门诊部诊所医务室村卫生室,一级,杭州市拱墅区绍兴路771号,86619619,杭州拱墅陈红莹口腔诊所,
杭州市萧山区临江街道社区卫生服务中心,医疗机构,门诊部诊所医务室村卫生室,社区,杭州市萧山区临江高薪技术产业园区纬六路855号,82900298,杭州市萧山区临江街道社区卫生服务中心,
杭州余杭星都医院,医疗机构,医院,一级,余杭区星桥街道星桥北路48号南星综合楼,18358133737,杭州余杭星都医院,
杭州宸巍医疗科技有限公司丰登街中医诊所,医疗机构,门诊部诊所医务室村卫生室,一级,杭州市拱墅区丰登街130号二楼132号,18857169024,杭州宸巍医疗科技有限公司丰登街中医诊所,
杭州御和堂医疗有限公司江干中医门诊部,医疗机构,门诊部诊所医务室村卫生室,一级,杭州市江干区彭埠街道东望府2幢底商11-12号楼，3幢底商14-15号楼二楼及3幢底商14号一楼,13735809774,杭州御和堂医疗有限公司江干中医门诊部,
杭州慈宁医院,医疗机构,医院,一级,杭州市余杭区运河街道东湖北路570号（余杭区怡宁残疾人托养中心内）,13806889308,杭州慈宁医院,
杭州余慧堂中医诊所,医疗机构,门诊部诊所医务室村卫生室,一级,西湖区西溪银泰商业中心2号南楼302室,13575768650,杭州余慧堂中医诊所,
杭州致远医学检验所,医疗机构,门诊部诊所医务室村卫生室,一级,杭州市三墩镇西园二路1号2幢6层,87917900,杭州致远医学检验所,
杭州市下城区石桥街道社区卫生服务中心,医疗机构,社区卫生服务中心,社区,石桥路316号,13777427473,杭州市下城区石桥街道社区卫生服务中心,
杭州江干区叶春法盲人医疗按摩所,医疗机构,门诊部诊所医务室村卫生室,一级,江干区彭埠街道新塘家园2栋商铺4-2 1、2楼,85229969,杭州江干区叶春法盲人医疗按摩所,
杭州西湖冯玉富口腔诊所,医疗机构,门诊部诊所医务室村卫生室,一级,西湖区留下街道西溪路919、921、923号,13758143334,杭州西湖冯玉富口腔诊所,
杭州萧山胡庆余堂国药号中医门诊部,医疗机构,门诊部诊所医务室村卫生室,一级,杭州市萧山区北干街道金惠路719、721、727号工人路1184、1186号（二楼、三楼）,87834186,杭州萧山胡庆余堂国药号中医门诊部,
杭州胡庆余堂第一中医门诊部有限公司,医疗机构,门诊部诊所医务室村卫生室,一级,杭州市上城区安荣巷11号,,杭州胡庆余堂第一中医门诊部有限公司,
浙江美奥口腔门诊部有限公司杭州学院路口腔门诊部,医疗机构,门诊部诊所医务室村卫生室,一级,西湖区学院路50号,88105555,浙江美奥口腔门诊部有限公司杭州学院路口腔门诊部,
浙江家家健康控股股份有限公司富阳体育馆路中西医结合诊所,医疗机构,门诊部诊所医务室村卫生室,一级,富阳区富春街道体育场路367号,82811692,浙江家家健康控股股份有限公司富阳体育馆路中西医结合诊所,
杭州城星美奥口腔门诊部有限公司,医疗机构,门诊部诊所医务室村卫生室,一级,杭州市江干区城星路89号尊宝大厦201-室,18757502186,杭州城星美奥口腔门诊部有限公司,
杭州三江阳光康复医院,医疗机构,医院,一级,杭州市下城区兴业街3号1-2幢,13282121302,杭州三江阳光康复医院,
杭州瑞驰健康管理有限公司周坪路口腔门诊部,医疗机构,门诊部诊所医务室村卫生室,一级,西湖区三墩镇周坪路153号,89003307,杭州瑞驰健康管理有限公司周坪路口腔门诊部,
杭州鹤延堂中医门诊部有限公司,医疗机构,门诊部诊所医务室村卫生室,一级,杭州滨江区月明路1079号2楼,88162776,杭州鹤延堂中医门诊部有限公司,
浙江康静医院,医疗机构,医院,一级,杭州市下城区东新路509号,13818065692,浙江康静医院,
杭州钱塘新区白杨街道白杨社区卫生服务中心,医疗机构,社区卫生服务中心,社区,杭州钱塘新区白杨街道大北路30号,86875969,杭州钱塘新区白杨街道白杨社区卫生服务中心,
杭州市江干区彭埠街道社区卫生服务中心,医疗机构,社区卫生服务中心,社区,杭州市江干区环站东路358号1-6楼,86674151,杭州市江干区彭埠街道社区卫生服务中心,
萧山经济技术开发区医院,医疗机构,医院,二级,萧山经济技术开发区宁税路69号,15355461338,萧山经济技术开发区医院,
杭州慈和康复医院,医疗机构,医院,一级,杭州市拱墅区拱康路77号富康大厦A号楼,58271813,杭州慈和康复医院,
杭州美康盛德医学检验实验室有限公司,医疗机构,门诊部诊所医务室村卫生室,一级,杭州市萧山区市心北路873号2层,0571-82525640,杭州美康盛德医学检验实验室有限公司,
浙江家家健康控股股份有限公司余杭星桥诊所,医疗机构,门诊部诊所医务室村卫生室,一级,杭州市星桥街道太平路99号,82695400,浙江家家健康控股股份有限公司余杭星桥诊所,
杭州益合堂健康管理有限责任公司象山路中医门诊部,医疗机构,门诊部诊所医务室村卫生室,一级,杭州市西湖区转塘街道象山路238号201室,89182631,杭州益合堂健康管理有限责任公司象山路中医门诊部,
杭州明州医院,医疗机构,医院,三级,萧山区宁围街道市心北路590-598号（连续双号），宁中路27-1号、27-2号、27-4号、27-5号,13736092100,杭州明州医院,
杭州妙手中医诊所,医疗机构,门诊部诊所医务室村卫生室,一级,杭州市江干区九华路1号11幢11-106室,88608316,杭州妙手中医诊所,
杭州全程健康医疗门诊部,医疗机构,门诊部诊所医务室村卫生室,一级,杭州市江干区景昙路9号西子国际中心A座1501-1504，16F、18F、20F,18257185110,杭州全程健康医疗门诊部,
杭州开璞健康管理有限公司武林路口腔门诊部,医疗机构,门诊部诊所医务室村卫生室,一级,下城区武林路2-1号,86618827,杭州开璞健康管理有限公司武林路口腔门诊部,
杭州口腔医院,医疗机构,医院,二级,平海路1号,13067749334,杭州口腔医院,
杭州太承堂中医门诊部,医疗机构,门诊部诊所医务室村卫生室,一级,杭州市江干区机场路198、198-1、198-2号,18768393803,杭州太承堂中医门诊部,
杭州合赢同创健康管理有限公司北景园诊所,医疗机构,门诊部诊所医务室村卫生室,一级,下城区回龙路380号201室,89907892,杭州合赢同创健康管理有限公司北景园诊所,
杭州泽邻健康管理有限公司金隅金座诊所,医疗机构,门诊部诊所医务室村卫生室,一级,经济技术开发区24号大街313号,15212717020,杭州泽邻健康管理有限公司金隅金座诊所,
杭州市下城区中西医结合医院,医疗机构,医院,一级,"""浙江省杭州市东新街道东新路沈家路25号",0571-56290083,杭州市下城区中西医结合医院,
杭州江干太平惠民中医门诊部,医疗机构,门诊部诊所医务室村卫生室,一级,杭州市江干区凯旋路373、375、377号,13958039223,杭州江干太平惠民中医门诊部,
杭州博纳口腔门诊部,医疗机构,门诊部诊所医务室村卫生室,一级,杭州市上城区西湖大道195号、193号236室,13588091756,杭州博纳口腔门诊部,
杭州市上城区南星街道社区卫生服务中心,医疗机构,社区卫生服务中心,社区,"""浙江省杭州市上城区南星街道秋涛路56号",0571-86825775,杭州市上城区南星街道社区卫生服务中心,
杭州佑逸堂中医门诊部,医疗机构,门诊部诊所医务室村卫生室,一级,杭州市西湖区蒋村花园圆觉路21号,13282804093,杭州佑逸堂中医门诊部,
杭州任远博康医院,医疗机构,门诊部诊所医务室村卫生室,一级,杭州市余杭区塘栖镇重阳路57号,13588323532,杭州任远博康医院,
杭州源益堂中医诊所,医疗机构,门诊部诊所医务室村卫生室,一级,杭州市下城区胜南路300号,87033396,杭州源益堂中医诊所,
中大金石银湖（杭州）护理院有限公司,医疗机构,门诊部诊所医务室村卫生室,一级,杭州市富阳区银湖街道雍柏荟富春阁,13858157640,中大金石银湖（杭州）护理院有限公司,
杭州市临安区中医院,医疗机构,医院,二级,杭州市临安区锦城街道城中街8号,0571-63805996,杭州市临安区中医院,
杭州余杭乔安门诊部有限公司,医疗机构,门诊部诊所医务室村卫生室,一级,杭州市余杭乔司街道乔莫东路50号-1,1538045566,杭州余杭乔安门诊部有限公司,
杭州和惠中西医结合诊所,医疗机构,门诊部诊所医务室村卫生室,一级,杭州市江干区天聚府4号,86098952,杭州和惠中西医结合诊所,
杭州市江干区凯旋街道社区卫生服务中心,医疗机构,社区卫生服务中心,社区,景芳三区60幢,86707078,杭州市江干区凯旋街道社区卫生服务中心,
杭州杏和诊所有限公司,医疗机构,省本级定点,一级,杭州市江干区昙花庵路97号,57185378605,杭州杏和诊所有限公司,基本、离休、子女
杭州乾宁斋中医门诊部,医疗机构,门诊部诊所医务室村卫生室,一级,杭州市上城区飞云江路37号,13605804796,杭州乾宁斋中医门诊部,
浙江旅游职业学院医务室,医疗机构,门诊部诊所医务室村卫生室,一级,杭州市萧山高教园区浙江旅游职业学院医务室,13777408322,浙江旅游职业学院医务室,
杭州雅齿健康管理有限公司听涛口腔诊所,医疗机构,省本级定点,一级,杭州经济68号技术开发区12号大街,13735818117,杭州雅齿健康管理有限公司听涛口腔诊所,基本、离休、子女
杭州余杭非凡口腔门诊部有限公司,医疗机构,门诊部诊所医务室村卫生室,一级,杭州市余杭区南苑街道藕花洲大街280-284号,18906528285,杭州余杭非凡口腔门诊部有限公司,
杭州贝儿口腔门诊部有限公司,医疗机构,门诊部诊所医务室村卫生室,一级,拱墅区莫干山路949号佳源银座309-1、309-2,85150150,杭州贝儿口腔门诊部有限公司,
杭州唯宁口腔门诊部有限公司,医疗机构,门诊部诊所医务室村卫生室,一级,杭州市西湖区古墩路413号文新图书大楼北一楼西,15158038747,杭州唯宁口腔门诊部有限公司,
杭州明嘉口腔门诊部,医疗机构,门诊部诊所医务室村卫生室,一级,庆春东路6号,13588805097,杭州明嘉口腔门诊部,
艾维医疗投资管理有限公司古墩路口腔门诊部,医疗机构,门诊部诊所医务室村卫生室,一级,杭州市西湖区古墩路671号嵊元大厦裙楼4层,81189386,艾维医疗投资管理有限公司古墩路口腔门诊部,
杭州鼎晟堂中医门诊部,医疗机构,省本级定点,一级,杭州市西湖区三墩镇汇周街211、213、215号,87022457,杭州鼎晟堂中医门诊部,基本、离休、子女
杭州橡树留和医院,医疗机构,医院,一级,杭州市西湖区留下街道杨梅山路399-1号,18270882493,杭州橡树留和医院,
温州医科大学附属眼视光医院杭州院区,医疗机构,医院,三级,"""浙江省杭州市江干区四季青街道凤起东路618号",0571-86799822,温州医科大学附属眼视光医院杭州院区,
杭州和睿君安医疗管理有限公司下沙门诊部,医疗机构,门诊部诊所医务室村卫生室,一级,经济技术开发区4号大街北银公寓7-4,17807190830,杭州和睿君安医疗管理有限公司下沙门诊部,
杭州世济汇康健康管理有限公司二十四大街诊所,医疗机构,门诊部诊所医务室村卫生室,一级,杭州市经济技术开发区白杨街道24号大街464-2，464-3号,88139967,杭州世济汇康健康管理有限公司二十四大街诊所,
杭州绿康医院,医疗机构,医院,一级,丁桥镇沿山鲍家渡3号,13600540079,杭州绿康医院,
杭州济邻健康管理有限公司湖畔花园门诊部,医疗机构,门诊部诊所医务室村卫生室,一级,杭州市西湖区文一西路217-2号,13757175322,杭州济邻健康管理有限公司湖畔花园门诊部,
杭州同鑫堂中医门诊部,医疗机构,门诊部诊所医务室村卫生室,一级,江干区茂悦府1幢底商9号、2幢底商1号、2号,86988120,杭州同鑫堂中医门诊部,
杭州广惠中医门诊部有限公司,医疗机构,门诊部诊所医务室村卫生室,一级,江城路597-599号,86809091,杭州广惠中医门诊部有限公司,
杭州岐黄中医门诊部,医疗机构,门诊部诊所医务室村卫生室,一级,杭州市潮王路119号,13857123215,杭州岐黄中医门诊部,
浙江省医疗健康集团杭州医院,医疗机构,医院,二级,"""浙江省杭州市拱墅区半山街道康健弄1号",0571-85033051,浙江省医疗健康集团杭州医院,
杭州优牙益健康管理有限公司环站北路口腔诊所,医疗机构,门诊部诊所医务室村卫生室,一级,杭州市江干区东方星城9幢108室,18720952024,杭州优牙益健康管理有限公司环站北路口腔诊所,
杭州余杭胡庆余堂中门诊部有限公司,医疗机构,门诊部诊所医务室村卫生室,一级,杭州市余杭区临平街道邱山大街498号2楼,13989857373,杭州余杭胡庆余堂中门诊部有限公司,
浙江家家健康控股股份有限公司杭州下城回龙路西医内科诊所,医疗机构,门诊部诊所医务室村卫生室,一级,下城区回龙路80号,82695400,浙江家家健康控股股份有限公司杭州下城回龙路西医内科诊所,
浙江天天好大药房连锁有限公司杭州莫干山路医疗门诊部,医疗机构,省本级定点,一级,杭州市莫干山路493号41幢101室202室,15355711632,浙江天天好大药房连锁有限公司杭州莫干山路医疗门诊部,基本、离休、子女
杭州艾玛妇产医院有限公司,医疗机构,医院,一级,杭州市古墩路666号,18757550609,杭州艾玛妇产医院有限公司,
杭州富阳口腔医院责任公司,医疗机构,医院,一级,杭州市富阳区富春街道孙权路102-1号,15057116358,杭州富阳口腔医院责任公司,
杭州诚溢口腔门诊部,医疗机构,门诊部诊所医务室村卫生室,一级,杭州市西湖区五常街道315-317号融创河滨之城雨澜轩13幢111商铺,85125878,杭州诚溢口腔门诊部,
杭州尚善企业管理有限公司西溪口腔门诊部,医疗机构,门诊部诊所医务室村卫生室,一级,杭州市西湖区西溪银泰2号楼北楼406-407,87609833,杭州尚善企业管理有限公司西溪口腔门诊部,
杭州普济内科诊所,医疗机构,门诊部诊所医务室村卫生室,一级,杭州市滨江区滨兴东苑115号商铺,13867180111,杭州普济内科诊所,
杭州正固健康管理有限公司下沙口腔门诊部,医疗机构,门诊部诊所医务室村卫生室,一级,杭州钱塘新区天城东路269号1-2层、263二层、265二、267二层,18757187016,杭州正固健康管理有限公司下沙口腔门诊部,
杭州市江干区潘明敏口腔诊所,医疗机构,门诊部诊所医务室村卫生室,一级,杭州市江干区钱潮路312号,13588397884,杭州市江干区潘明敏口腔诊所,
杭州拱墅和睦护理院,医疗机构,省本级定点,一级,杭州市拱墅区文岚街91号,18668107098,杭州拱墅和睦护理院,基本、离休、子女
杭州妙通健康管理咨询有限公司萧山闻堰中医综合怎所,医疗机构,门诊部诊所医务室村卫生室,一级,杭州市萧山区闻堰街道郁金香岸花园揽江苑2-3-4，二楼,82138370,杭州妙通健康管理咨询有限公司萧山闻堰中医综合怎所,
杭州萧山微医信息港中医门诊部,医疗机构,门诊部诊所医务室村卫生室,一级,萧山区经济技术开发区明星路371号1幢一层101室二层,0571-57158820,杭州萧山微医信息港中医门诊部,
浙江大学医学院附属第一医院,医疗机构,医院,三级,浙江省杭州市上城区小营街道庆春路79号,0571-87236684,浙江大学医学院附属第一医院,
浙江绿城心血管病医院,医疗机构,医院,三级,"""浙江省杭州市西湖区文新街道古墩路409号",0571-88929812,浙江绿城心血管病医院,
杭州宝厚健康管理有限公司中医诊所,医疗机构,门诊部诊所医务室村卫生室,一级,杭州余杭区塘栖镇绿荫街516-518号,13656660722,杭州宝厚健康管理有限公司中医诊所,
杭州新华路维信口腔门诊部,医疗机构,门诊部诊所医务室村卫生室,一级,杭州市下城区新华路94号101、201、301室,13868105078,杭州新华路维信口腔门诊部,
中国人民解放军空军杭州疗养院,医疗机构,医院,一级,杭州市杨公堤15号,57187349013,中国人民解放军空军杭州疗养院,
杭州雅至健康管理有限公司勤丰路口腔诊所,医疗机构,门诊部诊所医务室村卫生室,一级,杭州市江干区勤丰路554号,15268140633,杭州雅至健康管理有限公司勤丰路口腔诊所,
杭州医易中西医结合诊所,医疗机构,门诊部诊所医务室村卫生室,一级,杭州市下城区太公街130号,18668107951,杭州医易中西医结合诊所,
杭州余杭闲富门诊部,医疗机构,门诊部诊所医务室村卫生室,一级,杭州市余杭区闲林街道闲林中路322号,15058133918,杭州余杭闲富门诊部,
杭州余杭张尧生口腔门诊部,医疗机构,门诊部诊所医务室村卫生室,一级,杭州市余杭区临平北大街167号,13588893390,杭州余杭张尧生口腔门诊部,
杭州巧妙健康管理有限公司天运路口腔诊所,医疗机构,门诊部诊所医务室村卫生室,一级,杭州市江干区天运路71号,88014489,杭州巧妙健康管理有限公司天运路口腔诊所,
杭州艾维医疗投资管理有限公司文二西路口腔门诊部,医疗机构,门诊部诊所医务室村卫生室,一级,杭州市文二西路97号（银座公寓3幢）,81189371,杭州艾维医疗投资管理有限公司文二西路口腔门诊部,
杭州万承志堂高银街中医门诊部,医疗机构,门诊部诊所医务室村卫生室,一级,清河坊高银街105号,13656681809,杭州万承志堂高银街中医门诊部,
杭州神焱节能科技有限公司余杭瓶窑中医诊所,医疗机构,门诊部诊所医务室村卫生室,一级,余杭区瓶窑镇大观山村良辰美苑二区13号一楼,89004830,杭州神焱节能科技有限公司余杭瓶窑中医诊所,
杭州壹悦科技有限公司佳好口腔门诊部,医疗机构,门诊部诊所医务室村卫生室,一级,拱墅区东方福邸22幢22-8,86018506,杭州壹悦科技有限公司佳好口腔门诊部,
杭州成德中医专科门诊部,医疗机构,门诊部诊所医务室村卫生室,一级,杭州市江干区机场路一巷45幢,13588340905,杭州成德中医专科门诊部,
杭州市拱墅区潘光荣口腔诊所,医疗机构,门诊部诊所医务室村卫生室,一级,拱墅区吉如家园2-5、2-6  1楼,13868016767,杭州市拱墅区潘光荣口腔诊所,
杭州下城许耸口腔门诊部,医疗机构,门诊部诊所医务室村卫生室,一级,杭州市下城区屏风街98号,13758148888,杭州下城许耸口腔门诊部,
杭州吴佳口腔门诊部有限公司,医疗机构,门诊部诊所医务室村卫生室,一级,杭州经济技术开发区学林街1377号,13071810620,杭州吴佳口腔门诊部有限公司,
杭州新缘口腔门诊部,医疗机构,门诊部诊所医务室村卫生室,一级,江干区明珠街329号331号,15990077727,杭州新缘口腔门诊部,
杭州延益堂中医门诊部,医疗机构,门诊部诊所医务室村卫生室,一级,江干区秋涛北路102号A座,18042004317,杭州延益堂中医门诊部,
杭州医林诊所,医疗机构,门诊部诊所医务室村卫生室,一级,杭州市拱墅区丰登街106号,13018966910,杭州医林诊所,
杭州萧山鲁吾君诊所,医疗机构,门诊部诊所医务室村卫生室,一级,杭州市萧山区民和路505号,13867169892,杭州萧山鲁吾君诊所,
杭州三益健康管理有限公司佑圣观路口腔门诊部,医疗机构,门诊部诊所医务室村卫生室,一级,杭州市上城区佑圣观路127、129号,87313131,杭州三益健康管理有限公司佑圣观路口腔门诊部,
杭州天禄堂中医康复医院,医疗机构,医院,一级,杭州市拱墅区半山街道明园路8号,13968139873,杭州天禄堂中医康复医院,
杭州齿诺口腔门诊部,医疗机构,门诊部诊所医务室村卫生室,一级,西湖区文一西路266号,85806889,杭州齿诺口腔门诊部,
杭州瑞志口腔门诊部有限公司滨江口腔诊所,医疗机构,门诊部诊所医务室村卫生室,一级,杭州滨江区长河街道春江郦城商铺56号201室,85134603,杭州瑞志口腔门诊部有限公司滨江口腔诊所,
杭州云光医院,医疗机构,医院,一级,湖墅南路138号,13868049524,杭州云光医院,
杭州桐君堂城西中医门诊部,医疗机构,门诊部诊所医务室村卫生室,一级,杭州市西湖区同人精华大厦3号楼二楼商铺1号、2号商铺,13588890439,杭州桐君堂城西中医门诊部,
杭州珍爱医疗门诊部有限公司,医疗机构,门诊部诊所医务室村卫生室,一级,杭州市文三西路511号、513号,15906663739,杭州珍爱医疗门诊部有限公司,
浙江家家健康控股股份有限公司余杭凤新路中医诊所,医疗机构,门诊部诊所医务室村卫生室,一级,杭州市余杭区余杭街道凤新路202号,,浙江家家健康控股股份有限公司余杭凤新路中医诊所,
杭州思齐健康管理有限公司博泰口腔门诊部,医疗机构,门诊部诊所医务室村卫生室,一级,浙江省杭州市经济技术开发区3号大街北银公寓8幢1、2、7号商铺,18958073048,杭州思齐健康管理有限公司博泰口腔门诊部,
杭州仁育医院有限公司,医疗机构,医院,一级,杭州市上城区白马庙巷17号,17705811526,杭州仁育医院有限公司,
杭州承庆堂中医诊所,医疗机构,门诊部诊所医务室村卫生室,一级,江干区雍泽府3幢底商6-3、6-4,13735510831,杭州承庆堂中医诊所,
杭州贝佳齿科有限公司香积寺路口腔门诊部,医疗机构,门诊部诊所医务室村卫生室,一级,杭州市拱墅区香积寺路259-1号,13858001845,杭州贝佳齿科有限公司香积寺路口腔门诊部,
杭州华都健康管理有限公司望江门中医门诊部,医疗机构,门诊部诊所医务室村卫生室,一级,杭州市上城区东霞巷56号203室,,杭州华都健康管理有限公司望江门中医门诊部,
杭州麦健中医诊所,医疗机构,门诊部诊所医务室村卫生室,一级,杭州市西湖区转塘家园36-2商铺,88309263,杭州麦健中医诊所,
杭州康祥医院,医疗机构,医院,一级,杭州市拱墅区丰庆路100号。,18767209198,杭州康祥医院,
浙江优你可妇科门诊部有限公司,医疗机构,门诊部诊所医务室村卫生室,一级,杭州市拱墅区莫干山路789-4号（美都广场D7）,18969036826,浙江优你可妇科门诊部有限公司,
杭州口腔医院集团萧山口腔医院,医疗机构,医院,一级,杭州市萧山区城厢街道横河社区市心中路1号,22665637,杭州口腔医院集团萧山口腔医院,
杭州金伟健康管理有限公司杭海路中西医结合诊所,医疗机构,门诊部诊所医务室村卫生室,一级,杭州市江干区香槟湾花园17号商铺临,86463746,杭州金伟健康管理有限公司杭海路中西医结合诊所,
杭州诚适口腔门诊部,医疗机构,门诊部诊所医务室村卫生室,一级,杭州市拱墅区萍水街472号,13675868988,杭州诚适口腔门诊部,
杭州宝元泰中医门诊部,医疗机构,门诊部诊所医务室村卫生室,一级,杭州市拱墅区水月街46号,15258866969,杭州宝元泰中医门诊部,
杭州凝和堂中医门诊部,医疗机构,门诊部诊所医务室村卫生室,一级,上城区石贯子1号,18957106878,杭州凝和堂中医门诊部,
杭州口腔医院城西分院,医疗机构,医院,一级,天目山路304号,28218128,杭州口腔医院城西分院,
树兰(杭州)医院,医疗机构,医院,三级,"""浙江省杭州市下城区东新街道东新路848号",0571-56757033,树兰(杭州)医院,
杭州康慧堂中医诊所,医疗机构,门诊部诊所医务室村卫生室,一级,杭州市上城区建国南路129号,86052910,杭州康慧堂中医诊所,
杭州杜秋健康管理有限公司隐秀路口腔诊所,医疗机构,门诊部诊所医务室村卫生室,一级,杭州市拱墅区隐秀路266号,13336142380,杭州杜秋健康管理有限公司隐秀路口腔诊所,
杭州元真中医门诊部,医疗机构,门诊部诊所医务室村卫生室,一级,杭州市上城区白塔人家兰巷52、54,13575453568,杭州元真中医门诊部,
杭州祥云中医门诊部有限公司,医疗机构,门诊部诊所医务室村卫生室,一级,杭州市江干区杭海路267-4号,15967409996,杭州祥云中医门诊部有限公司,
杭州俞同春中医门诊部有限公司,医疗机构,门诊部诊所医务室村卫生室,一级,杭州市上城区河坊街50号,15268151657,杭州俞同春中医门诊部有限公司,
杭州百和护理院,医疗机构,省本级定点,一级,杭州市拱墅区山前直路6号1幢、3幢,13588051080,杭州百和护理院,基本、离休、子女
浙江工业大学校医院,医疗机构,医院,一级,杭州潮王路18号浙江工业大学,88320801,浙江工业大学校医院,
拱墅区拱宸桥街道蚕花园东区社区卫生服务站,医疗机构,社区卫生服务中心,社区,湖州街128-4号,15988442141,拱墅区拱宸桥街道蚕花园东区社区卫生服务站,
杭州西湖全好口腔门诊部,医疗机构,门诊部诊所医务室村卫生室,一级,杭州市西湖区文二西路117号,13857102387,杭州西湖全好口腔门诊部,
杭州市临平区第一人民医院,医疗机构,医院,三级,杭州市余杭区南苑街道迎宾路369号,89369052,杭州市临平区第一人民医院,
杭州祥鼎利和医院管理咨询有限公司滨盛路申康诊所,医疗机构,省本级定点,一级,杭州市滨江区长河街道滨盛路3189号,13634102188,杭州祥鼎利和医院管理咨询有限公司滨盛路申康诊所,基本、离休、子女
杭州伍仁健康管理有限公司拱宸桥综合门诊部,医疗机构,门诊部诊所医务室村卫生室,一级,拱墅区衢州街19号201室,88012186,杭州伍仁健康管理有限公司拱宸桥综合门诊部,
杭州广杏林健康管理有限公司春秋北路中医诊所,医疗机构,门诊部诊所医务室村卫生室,一级,富阳区富春街道春秋北路28、30号,63333510,杭州广杏林健康管理有限公司春秋北路中医诊所,
杭州怡康护理院,医疗机构,医院,一级,杭州市下城区石祥路59号41号楼,18368126062,杭州怡康护理院,
杭州萧山康合综合门诊部,医疗机构,门诊部诊所医务室村卫生室,一级,萧山区钱江世纪城民和路600号,0571-28275004,杭州萧山康合综合门诊部,
杭州东柴口腔诊所,医疗机构,门诊部诊所医务室村卫生室,一级,杭州市凯旋路379号,13615814542,杭州东柴口腔诊所,
杭州固本堂济世中医诊所,医疗机构,门诊部诊所医务室村卫生室,一级,上城区青年路13-15号一、二层17号二层,88312898,杭州固本堂济世中医诊所,
杭州大同中医门诊部,医疗机构,门诊部诊所医务室村卫生室,一级,杭州市江干区沁园雅舍生活馆201室,18758181976,杭州大同中医门诊部,
杭州余杭根志堂中医医院有限公司,医疗机构,门诊部诊所医务室村卫生室,一级,余杭区中泰街道水塔路27、29号南湖大厦1幢209室,13372542070,杭州余杭根志堂中医医院有限公司,
杭州九洲中西结合门诊部,医疗机构,门诊部诊所医务室村卫生室,一级,杭州大关德苑路12号二楼,15157115950,杭州九洲中西结合门诊部,
浙江老年关怀医院,医疗机构,医院,三级,金华路21-1号,88296112,浙江老年关怀医院,
杭州亿品口腔门诊,医疗机构,门诊部诊所医务室村卫生室,一级,杭州市拱墅区塘萍路117号（一、二楼）119号二楼,86702509,杭州亿品口腔门诊,
杭州海济健康管理有限公司海慈西医诊所,医疗机构,门诊部诊所医务室村卫生室,一级,"""""""杭州市西湖区转塘街道叶埠桥社区23号""",13805724460,杭州海济健康管理有限公司海慈西医诊所,
杭州优治健康管理有限公司凯旋路口腔门诊部,医疗机构,门诊部诊所医务室村卫生室,一级,杭州市江干区凯旋路132号,86731556,杭州优治健康管理有限公司凯旋路口腔门诊部,
杭州江干罗江华口腔诊所,医疗机构,门诊部诊所医务室村卫生室,一级,江干区凯旋路162号,13093757365,杭州江干罗江华口腔诊所,
杭州胡庆余堂国药号有限公司良渚文化村中医诊所,医疗机构,门诊部诊所医务室村卫生室,一级,杭州市余杭区良渚街道良诸文化村白鹭郡南56-19室,13588788610,杭州胡庆余堂国药号有限公司良渚文化村中医诊所,
浙江特殊教育职业学院医务室,医疗机构,门诊部诊所医务室村卫生室,一级,杭州市西湖区留和路527号,86715120,浙江特殊教育职业学院医务室,
杭州市滨江区西兴街道社区卫生服务中心,医疗机构,门诊部诊所医务室村卫生室,社区,杭州市滨江区西兴街道阡陌路78号,86888016,杭州市滨江区西兴街道社区卫生服务中心,
杭州金诃堂中医诊所,医疗机构,门诊部诊所医务室村卫生室,一级,杭州市拱墅区吉祥寺弄2号,17767097157,杭州金诃堂中医诊所,
杭州新湖西医内科诊所,医疗机构,门诊部诊所医务室村卫生室,一级,杭州市下城区东新园小区新湖苑13号楼1号商铺,13588011471,杭州新湖西医内科诊所,
杭州博悦口腔门诊部,医疗机构,门诊部诊所医务室村卫生室,一级,杭州市下城区朱碧二弄27号,13600544509,杭州博悦口腔门诊部,
杭州市崇本堂中医门诊有限公司,医疗机构,门诊部诊所医务室村卫生室,一级,杭州市江干区新风丽都北苑底商29号、30号二楼,15088745995,杭州市崇本堂中医门诊有限公司,
杭州九洲医疗卫生服务有限公司滨江区综合门诊部,医疗机构,门诊部诊所医务室村卫生室,一级,滨江区长河街道月明路1095号一、二层1097号二层、1099号二层、1101号二层、1103号二层、1105号二层,88027553,杭州九洲医疗卫生服务有限公司滨江区综合门诊部,
杭州市西湖区古荡街道社区卫生服务中心,医疗机构,社区卫生服务中心,社区,古荡镇古荡新村（西）51号,13186962007,杭州市西湖区古荡街道社区卫生服务中心,
杭州颐德堂中医诊所,医疗机构,门诊部诊所医务室村卫生室,一级,杭州市上城区邮电路38号,0571-87013918,杭州颐德堂中医诊所,
杭州宇驰龙逸健康管理有限公司余杭闲林上和路诊所,医疗机构,门诊部诊所医务室村卫生室,一级,杭州市余杭区闲林街道上和路59号,13967118410,杭州宇驰龙逸健康管理有限公司余杭闲林上和路诊所,
杭州美澳医疗门诊部有限公司滨江儿科诊所,医疗机构,门诊部诊所医务室村卫生室,一级,杭州市滨江区长河街道滨盛路3191号仁苑201室,13586600090,杭州美澳医疗门诊部有限公司滨江儿科诊所,
杭州市西湖区红石口腔门诊部,医疗机构,门诊部诊所医务室村卫生室,一级,杭州市西湖区马塍路锦绣文苑4幢2号商铺,13064747097,杭州市西湖区红石口腔门诊部,
杭州余杭绿城双慈医院,医疗机构,医院,一级,杭州市余杭区运河街道东湖北路570号（1、2、3、4幢及综合楼）,13957107862,杭州余杭绿城双慈医院,
杭州上城区郑建森口腔诊所,医疗机构,门诊部诊所医务室村卫生室,一级,衢江路89号,13071887571,杭州上城区郑建森口腔诊所,
杭州洪林中医诊所有限公司,医疗机构,门诊部诊所医务室村卫生室,一级,杭州市西湖区文二路41号11、12,13083957838,杭州洪林中医诊所有限公司,
杭州华仁堂中医诊所,医疗机构,门诊部诊所医务室村卫生室,一级,杭州市西湖区益乐路19-1号,13867352721,杭州华仁堂中医诊所,
杭州博悦健康管理有限公司衢州街中医诊所,医疗机构,门诊部诊所医务室村卫生室,一级,拱墅区衢州街75、77号二层,89026388,杭州博悦健康管理有限公司衢州街中医诊所,
杭州大震堂广润中医诊所,医疗机构,门诊部诊所医务室村卫生室,一级,上城区中山南路413号,15055538693,杭州大震堂广润中医诊所,
杭州亿保健康管理有限公司文一西路医疗门诊部,医疗机构,门诊部诊所医务室村卫生室,一级,杭州市西湖区文一西路42号、44号2层,85176932,杭州亿保健康管理有限公司文一西路医疗门诊部,
杭州康源口腔医疗有限公司文二路口腔门诊部,医疗机构,门诊部诊所医务室村卫生室,一级,杭州市西湖区文二路122-3号,13777855892,杭州康源口腔医疗有限公司文二路口腔门诊部,
杭州电子科技大学校医院,医疗机构,门诊部诊所医务室村卫生室,一级,杭州下沙高教园区杭州电子科技大学校医院,18067979700,杭州电子科技大学校医院,
杭州益泰德中医门诊部,医疗机构,门诊部诊所医务室村卫生室,一级,杭州市上城区中河中路80号二层,,杭州益泰德中医门诊部,
杭州仁馨老年病医院,医疗机构,医院,一级,杭州市江干区艮山西路182-1号,89837151,杭州仁馨老年病医院,
杭州灵芝中医诊所,医疗机构,门诊部诊所医务室村卫生室,一级,浙江省杭州市拱墅区万家花城8幢8-1,13968092916,杭州灵芝中医诊所,
杭州美溪医疗门诊部,医疗机构,门诊部诊所医务室村卫生室,一级,西湖区文一西路830号蒋村商务中心A座4楼,15068170322,杭州美溪医疗门诊部,
杭州市江干区采荷街道社区卫生服务中心,医疗机构,社区卫生服务中心,社区,双菱路16号,86947089-6707,杭州市江干区采荷街道社区卫生服务中心,
杭州仁德妇产医院,医疗机构,医院,一级,杭州市大关路303号,15167129466,杭州仁德妇产医院,
浙江理工大学校医院,医疗机构,门诊部诊所医务室村卫生室,一级,杭州下沙高教园区2号大街928号,18057139511,浙江理工大学校医院,
杭州东仁堂芳仁中医诊所,医疗机构,门诊部诊所医务室村卫生室,一级,杭州市江干区金堡街26号,13735544155,杭州东仁堂芳仁中医诊所,
浙江家家健康控股股份有限公司萧山瓜沥东灵诊所,医疗机构,门诊部诊所医务室村卫生室,一级,杭州市萧山区瓜沥镇东灵北路126、128号航坞文化创意产业园7号楼1楼,13967117873,浙江家家健康控股股份有限公司萧山瓜沥东灵诊所,
杭州御寿中医诊所,医疗机构,门诊部诊所医务室村卫生室,一级,拱墅区莫干山路717号、719号,85050816,杭州御寿中医诊所,
杭州市下城区慈惠老年护理院,医疗机构,医院,一级,杭州市下城区石桥路345号,0571-86598767,杭州市下城区慈惠老年护理院,
杭州洁白健康管理有限公司机场路口腔诊所,医疗机构,门诊部诊所医务室村卫生室,一级,杭州市江干区机场路196-5号,18857110084,杭州洁白健康管理有限公司机场路口腔诊所,
杭州德贝艾尔口腔门诊部有限公司,医疗机构,门诊部诊所医务室村卫生室,一级,杭州市滨江区浦沿街道东信大道1215号,87182881,杭州德贝艾尔口腔门诊部有限公司,
杭州太和堂中医门诊部,医疗机构,门诊部诊所医务室村卫生室,一级,杭州市上城区劳动路168号202室,,杭州太和堂中医门诊部,
杭州萧山南虹中医门诊部,医疗机构,省本级定点,一级,萧山区义蓬街道长红村长红桥头,13588246200,杭州萧山南虹中医门诊部,基本、离休、子女
杭州灸匠载歌中医诊所,医疗机构,门诊部诊所医务室村卫生室,一级,下城区长兴公寓11幢1号,19157819277,杭州灸匠载歌中医诊所,
杭州市西湖区三墩镇社区卫生服务中心,医疗机构,社区卫生服务中心,社区,三墩镇西河口36号,88951397,杭州市西湖区三墩镇社区卫生服务中心,
浙江家家健康控股股份有限公司余杭南苑龙湖路诊所,医疗机构,门诊部诊所医务室村卫生室,一级,杭州市余杭区南苑街道龙湖路61号,,浙江家家健康控股股份有限公司余杭南苑龙湖路诊所,
杭州滨安中西医结合诊所,医疗机构,门诊部诊所医务室村卫生室,一级,滨江区长河街道月明路1126号,81867353,杭州滨安中西医结合诊所,
浙江中医药大学滨江门诊部,医疗机构,门诊部诊所医务室村卫生室,一级,杭州市滨江区滨文路548号浙江中医药大学内,13067927997,浙江中医药大学滨江门诊部,
浙江经贸职业技术学院下沙卫生所,医疗机构,门诊部诊所医务室村卫生室,一级,杭州市下沙高教东区学林街280号,13738197410,浙江经贸职业技术学院下沙卫生所,
浙江交通职业技术学院卫生所,医疗机构,门诊部诊所医务室村卫生室,一级,杭州市莫干山路1515号,88481707,浙江交通职业技术学院卫生所,
杭州御方堂建合中医诊所,医疗机构,门诊部诊所医务室村卫生室,一级,杭州市下城区建国北路135号201室,15869139188,杭州御方堂建合中医诊所,
杭州帑冠投资有限公司新杭医疗门诊部,医疗机构,门诊部诊所医务室村卫生室,一级,杭州经济技术开发区德欣街231号,15067123769,杭州帑冠投资有限公司新杭医疗门诊部,
杭州奥尔健康管理有限公司留下大街口腔诊所,医疗机构,门诊部诊所医务室村卫生室,一级,杭州市西湖区留下街道留和家苑6幢108室,13879217588,杭州奥尔健康管理有限公司留下大街口腔诊所,
杭州宋御堂中医诊所,医疗机构,门诊部诊所医务室村卫生室,一级,杭州市上城区雷霆路1号,57187176669,杭州宋御堂中医诊所,
杭州杏林口腔诊所,医疗机构,门诊部诊所医务室村卫生室,一级,杭州市滨江区长河街道滨文路358号2楼219室,18258294547,杭州杏林口腔诊所,
杭州延庆堂大康中医门诊部,医疗机构,门诊部诊所医务室村卫生室,一级,上城区中山中路405号,13067988205,杭州延庆堂大康中医门诊部,
杭州萧山新围医院,医疗机构,医院,一级,萧山区河庄街道围中村,82126866,杭州萧山新围医院,
杭州上城好地方中医诊所,医疗机构,门诊部诊所医务室村卫生室,一级,杭州市上城区凤凰山脚路160号,18605882589,杭州上城好地方中医诊所,
杭州臻好医疗管理有限责任公司新塘路口腔门诊,医疗机构,门诊部诊所医务室村卫生室,一级,杭州市江干区中豪五星国际Q2-S2-9号二楼,87838845,杭州臻好医疗管理有限责任公司新塘路口腔门诊,
杭州仁树医疗门诊部有限公司,医疗机构,门诊部诊所医务室村卫生室,一级,杭州市江干区景昙路9号西子国际中心A座11层1101、1102、1103-1、1105,15115145973,杭州仁树医疗门诊部有限公司,
杭州市西湖区转塘街道社区卫生服务中心,医疗机构,社区卫生服务中心,社区,转塘镇庙山东村6号,88375907,杭州市西湖区转塘街道社区卫生服务中心,
浙江警察学院卫生所,医疗机构,门诊部诊所医务室村卫生室,一级,杭州滨江区滨文路555号,15858252827,浙江警察学院卫生所,
杭州全息中医诊所,医疗机构,门诊部诊所医务室村卫生室,一级,杭州市仙林桥直街26-2号,13067710203,杭州全息中医诊所,
杭州市上城区妇幼保健计划生育服务中心,医疗机构,医院,一级,杭州市上城区江城路417号,17705810211,杭州市上城区妇幼保健计划生育服务中心,
杭州品凯健康管理有限公司拱北口腔门诊部,医疗机构,门诊部诊所医务室村卫生室,一级,杭州市拱墅区上塘路1054号一层，二层,13355810722,杭州品凯健康管理有限公司拱北口腔门诊部,
杭州鹤济堂中医连锁有限公司草庄路中医诊所,医疗机构,门诊部诊所医务室村卫生室,一级,杭州市江干区金色黎明公寓14幢底商3号-2,15088745995,杭州鹤济堂中医连锁有限公司草庄路中医诊所,
杭州全兴堂中医门诊部,医疗机构,门诊部诊所医务室村卫生室,一级,杭州市江干区秋涛北路266-270号,13968022969,杭州全兴堂中医门诊部,
杭州市西湖区灵隐街道社区卫生服务中心,医疗机构,社区卫生服务中心,社区,曙光路外东山弄5号,56888054,杭州市西湖区灵隐街道社区卫生服务中心,
杭州市滨江区周国宏中医诊所,医疗机构,门诊部诊所医务室村卫生室,一级,滨江区长河街道长一村花园周三产用房第15-16间,13757179600,杭州市滨江区周国宏中医诊所,
浙江省中医药学会中医门诊部,医疗机构,门诊部诊所医务室村卫生室,一级,杭州市双菱路102号,86950085,浙江省中医药学会中医门诊部,
杭州萧山同泽医学门诊部,医疗机构,门诊部诊所医务室村卫生室,一级,萧山区义蓬街道密蜂村金融路西（青六路口）,15857110844,杭州萧山同泽医学门诊部,
杭州丁月琴中西医结合诊所有限公司,医疗机构,门诊部诊所医务室村卫生室,一级,杭州市上城区海潮路茶亭弄23号2幢1单元101室,15167138860,杭州丁月琴中西医结合诊所有限公司,
杭州昊珺中医诊所有限公司,医疗机构,门诊部诊所医务室村卫生室,一级,江干区天运路48号,88012806,杭州昊珺中医诊所有限公司,
杭州雅乐健康管理有限公司学院路口腔诊所,医疗机构,门诊部诊所医务室村卫生室,一级,杭州市西湖区学院路221号,17858600582,杭州雅乐健康管理有限公司学院路口腔诊所,
杭州之默健康管理有限公司竞舟路中医门诊部,医疗机构,门诊部诊所医务室村卫生室,一级,杭州市西湖区文二西路321号,13819195122,杭州之默健康管理有限公司竞舟路中医门诊部,
杭州市儿童医院,医疗机构,医院,三级,文晖路195号,85465758-财务陈先生,杭州市儿童医院,
杭州方回春堂丁桥灵枢中医门诊部,医疗机构,门诊部诊所医务室村卫生室,一级,江干区环丁路587、589号,86966120,杭州方回春堂丁桥灵枢中医门诊部,
浙江国力医院管理有限公司余杭西溪中医诊所,医疗机构,门诊部诊所医务室村卫生室,一级,杭州市余杭区西溪湿地艺术集合村24幢1层,15925666982,浙江国力医院管理有限公司余杭西溪中医诊所,
杭州真好中医诊所,医疗机构,门诊部诊所医务室村卫生室,一级,浙江省杭州市上城区金狮苑10、11幢底商121号-2,86096120,杭州真好中医诊所,
浙江家家健康控股股份有限公司萧山育才诊所,医疗机构,门诊部诊所医务室村卫生室,一级,杭州萧山区城厢街道育才路418、420号,13867197620,浙江家家健康控股股份有限公司萧山育才诊所,
杭州上城徐东西医诊所,医疗机构,门诊部诊所医务室村卫生室,一级,建国中路260号,87067942,杭州上城徐东西医诊所,
杭州厚泽健康管理有限公司余杭世纪大道口腔诊所,医疗机构,门诊部诊所医务室村卫生室,一级,,88667391,杭州厚泽健康管理有限公司余杭世纪大道口腔诊所,
杭州优典口腔门诊部,医疗机构,门诊部诊所医务室村卫生室,一级,杭州市西湖区文三路56号二层,18858120153,杭州优典口腔门诊部,
杭州市上城区紫阳街道春江花月社区卫生服务站,医疗机构,社区卫生服务中心,社区,杭州市上城区春江花月映霞苑3幢3单元2楼,15700067085,杭州市上城区紫阳街道春江花月社区卫生服务站,
浙江家家健康控股股份有限公司杭州莫衙营西医内科诊所,医疗机构,门诊部诊所医务室村卫生室,一级,下城区莫衙营66、66-1号,82695400,浙江家家健康控股股份有限公司杭州莫衙营西医内科诊所,
杭州微牙口腔门诊部有限公司,医疗机构,门诊部诊所医务室村卫生室,一级,杭州市西湖区文一路272号宋江综合楼1楼2楼201室,85813906,杭州微牙口腔门诊部有限公司,
杭州西湖绿康医院,医疗机构,医院,一级,留下小和山支路88号内,15267164579,杭州西湖绿康医院,
杭州鹤济堂中医连锁有限公司范家路中医诊所,医疗机构,门诊部诊所医务室村卫生室,一级,杭州市江干区览桥镇玉兰公寓106室二楼,15088745995,杭州鹤济堂中医连锁有限公司范家路中医诊所,
杭州康馨康复医院,医疗机构,医院,一级,杭州市下城区华中路2-38号,15306590621,杭州康馨康复医院,
杭州张同泰中医门诊部有限公司,医疗机构,门诊部诊所医务室村卫生室,一级,杭州市下城区中山北路99号,13588494639,杭州张同泰中医门诊部有限公司,
杭州华方医疗投资管理有限公司好益诊所,医疗机构,门诊部诊所医务室村卫生室,一级,经济技术开发区下沙街道智格小区231号,,杭州华方医疗投资管理有限公司好益诊所,
杭州市下城区天水武林街道社区卫生服务中心,医疗机构,社区卫生服务中心,社区,耶苏堂弄4号,85067080,杭州市下城区天水武林街道社区卫生服务中心,
杭州雄镇楼口腔门诊部,医疗机构,门诊部诊所医务室村卫生室,一级,雄镇楼侯潮路57-59-60号,13819188520,杭州雄镇楼口腔门诊部,
杭州市江干区闸弄口街道社区卫生服务中心,医疗机构,社区卫生服务中心,社区,三里亭苑二区24幢,13685768750,杭州市江干区闸弄口街道社区卫生服务中心,
杭州东仁堂东临口腔诊所,医疗机构,门诊部诊所医务室村卫生室,一级,杭州市江干区彭埠街道章家坝社区云河家苑东临们1-号,86083126,杭州东仁堂东临口腔诊所,
杭州全日医康康复医疗中心,医疗机构,门诊部诊所医务室村卫生室,一级,杭州市拱墅区和睦新村24-1号108室,87999756,杭州全日医康康复医疗中心,
杭州哈福健康管理有限公司保俶路口腔诊所,医疗机构,门诊部诊所医务室村卫生室,一级,杭州市西湖区保俶路208-2、208-3号,15958455988,杭州哈福健康管理有限公司保俶路口腔诊所,
杭州振一门中医诊所,医疗机构,门诊部诊所医务室村卫生室,一级,西湖区颐景园综合楼603室,13858184199,杭州振一门中医诊所,
杭州德研口腔门诊部,医疗机构,门诊部诊所医务室村卫生室,一级,滨江区江汉路1442号,86995847,杭州德研口腔门诊部,
杭州艾克中医肿瘤门诊部,医疗机构,门诊部诊所医务室村卫生室,一级,杭州市拱墅区花园岗街113号1幢A202、203、102室-1’,88130422,杭州艾克中医肿瘤门诊部,
杭州嘉年健康管理有限公司萧山综合门诊部,医疗机构,门诊部诊所医务室村卫生室,一级,萧山区宁围街道皓月路78号泰宏巷50号民和路523-10号二层,82170498,杭州嘉年健康管理有限公司萧山综合门诊部,
杭州青尔口腔门诊部有限公司,医疗机构,门诊部诊所医务室村卫生室,一级,西湖区学院路77号黄龙国际,0571-85780605,杭州青尔口腔门诊部有限公司,
杭州佰辰医学检验所有限公司,医疗机构,门诊部诊所医务室村卫生室,一级,杭州市西湖区三墩镇石祥西路859号紫金启真大厦4号楼101-1室.201室,15858211550,杭州佰辰医学检验所有限公司,
杭州择道中医诊所,医疗机构,门诊部诊所医务室村卫生室,一级,拱墅区上塘路851号,87390719,杭州择道中医诊所,
杭州益合堂健康管理有限责任公司之江一号中医诊所,医疗机构,门诊部诊所医务室村卫生室,一级,杭州市西湖区转塘街道方家畈118-2,89181963,杭州益合堂健康管理有限责任公司之江一号中医诊所,
杭州康柏医院,医疗机构,医院,一级,杭州市西湖区转塘街道大清村1号,15157133535,杭州康柏医院,
杭州萧山承真堂中医门诊部,医疗机构,门诊部诊所医务室村卫生室,一级,杭州萧山区闻堰街道万达中路19号,18458344450,杭州萧山承真堂中医门诊部,
杭州九和医院,医疗机构,医院,一级,杭州市江干区牛田450号,28100616,杭州九和医院,
杭州惠德堂中医门诊部,医疗机构,门诊部诊所医务室村卫生室,一级,杭州市滨江区春晓路61号康康谷商业中心3幢403室,18969121920,杭州惠德堂中医门诊部,
杭州鲁仁堂中医诊所有限公司,医疗机构,门诊部诊所医务室村卫生室,一级,杭州市上城区彩霞岭11号,13067736325,杭州鲁仁堂中医诊所有限公司,
杭州易春堂中医诊所,医疗机构,门诊部诊所医务室村卫生室,一级,杭州市上城区白马庙巷17-1号,13867139228,杭州易春堂中医诊所,
浙江家家健康控股股份有限公司萧山北干诊所,医疗机构,门诊部诊所医务室村卫生室,一级,杭州萧山区北干街道工人路1123号,13867197620,浙江家家健康控股股份有限公司萧山北干诊所,
杭州普航中西医结合门诊部,医疗机构,门诊部诊所医务室村卫生室,一级,杭州市下城区延安路515-521号一楼西面,0571-85107007,杭州普航中西医结合门诊部,
杭州华方医疗投资管理有限公司康民西医诊所,医疗机构,门诊部诊所医务室村卫生室,一级,三墩镇慧仁家园明慧苑6幢明慧苑底商24号,,杭州华方医疗投资管理有限公司康民西医诊所,
中共浙江省委警卫局医务室,医疗机构,门诊部诊所医务室村卫生室,一级,杭州市西湖区南山路8号,87287333、87287334,中共浙江省委警卫局医务室,
杭州艾维口腔门诊部,医疗机构,门诊部诊所医务室村卫生室,一级,上城区飞云江路春江花月潇湘苑4-102（飞云江路6号）,18806503042,杭州艾维口腔门诊部,
杭州曾氏小米中医诊所,医疗机构,门诊部诊所医务室村卫生室,一级,拱墅区申花路33号汉之昀商业中心1幢134、218号,85127767,杭州曾氏小米中医诊所,
杭州市江干区丁兰街道社区卫生服务中心,医疗机构,社区卫生服务中心,社区,杭州市江干区环丁路618号,13588047564,杭州市江干区丁兰街道社区卫生服务中心,
杭州愈心堂中医诊所,医疗机构,门诊部诊所医务室村卫生室,一级,杭州市上城区建国南路149-153号,18626880143,杭州愈心堂中医诊所,
杭州承枢中医诊所有限公司,医疗机构,门诊部诊所医务室村卫生室,一级,杭州市西湖区学院路219号,86035720,杭州承枢中医诊所有限公司,
浙江家家健康控股股份有限公司杭州萧山闻堰中医诊所,医疗机构,门诊部诊所医务室村卫生室,一级,杭州市江干区环丁路1546号,82811692,浙江家家健康控股股份有限公司杭州萧山闻堰中医诊所,
杭州艾维鲲鹏口腔门诊部,医疗机构,门诊部诊所医务室村卫生室,一级,杭州市上城区鲲鹏路246号,18658808512,杭州艾维鲲鹏口腔门诊部,
杭州浦沿谷丰口腔门诊部,医疗机构,门诊部诊所医务室村卫生室,一级,杭州市滨江区浦沿街道东冠路555号谷丰大厦三楼301室,13967146555,杭州浦沿谷丰口腔门诊部,
杭州西湖中草堂中医门诊部,医疗机构,门诊部诊所医务室村卫生室,一级,杭州市西湖区丰潭路288号,13205816108,杭州西湖中草堂中医门诊部,
北京同仁堂杭州药店有限公司中医门诊部,医疗机构,门诊部诊所医务室村卫生室,一级,河坊街143号,87896732,北京同仁堂杭州药店有限公司中医门诊部,
杭州深蓝华家池健康管理有限公司世茂天宸口腔门诊部,医疗机构,门诊部诊所医务室村卫生室,一级,江干区茂宸金座11幢底商11底商12、207、208室,86098097,杭州深蓝华家池健康管理有限公司世茂天宸口腔门诊部,
浙江音乐学院医务室,医疗机构,门诊部诊所医务室村卫生室,一级,杭州市西湖区转塘街道浙音路1号,15088781197,浙江音乐学院医务室,
杭州雨田口腔诊所,医疗机构,门诊部诊所医务室村卫生室,一级,杭州市中山北路252、254号,13082817156,杭州雨田口腔诊所,
杭州瑞晨健康管理有限公司文岚街中医诊所,医疗机构,门诊部诊所医务室村卫生室,一级,拱墅区文岚街176、178号,86828526,杭州瑞晨健康管理有限公司文岚街中医诊所,
杭州济艾堂健康管理有限公司绿园弄中医诊所,医疗机构,门诊部诊所医务室村卫生室,一级,杭州市江干区绿园弄26号,13615815202,杭州济艾堂健康管理有限公司绿园弄中医诊所,
杭州健儿医疗门诊部,医疗机构,门诊部诊所医务室村卫生室,一级,杭州市西湖区学院路182号101室、201室,13588031099,杭州健儿医疗门诊部,
杭州市江干区人民医院,医疗机构,医院,二级,机场路238-6号,13989892249,杭州市江干区人民医院,
杭州孝福健康管理有限公司三墩医疗门诊部,医疗机构,门诊部诊所医务室村卫生室,一级,杭州市西湖区古墩路1039-5号,15372592330,杭州孝福健康管理有限公司三墩医疗门诊部,
杭州一脉堂中医诊所,医疗机构,门诊部诊所医务室村卫生室,一级,杭州市西湖区晴川街414号,85027009,杭州一脉堂中医诊所,
杭州久保中医门诊部,医疗机构,门诊部诊所医务室村卫生室,一级,杭州市九沙大道晨光绿苑南苑3幢底商3号、3幢底商2号、,13750898695,杭州久保中医门诊部,
杭州市江干区九堡街道社区卫生服务中心,医疗机构,社区卫生服务中心,社区,杭州市江干区杭海路1183-8号,86903651-8802,杭州市江干区九堡街道社区卫生服务中心,
杭州富阳颐乐医院,医疗机构,医院,一级,杭州市富阳区富春街道桂花西路63号,13867165017,杭州富阳颐乐医院,
杭州欣康医院,医疗机构,医院,一级,杭州经济技术开发区月雅路303号,87158790,杭州欣康医院,
杭州拱墅俞永芳口腔诊所,医疗机构,门诊部诊所医务室村卫生室,一级,湖墅南路181-3-1号,13516808816,杭州拱墅俞永芳口腔诊所,
杭州元祥健康管理有限公司颜三路中医诊所,医疗机构,门诊部诊所医务室村卫生室,一级,杭州市下城区三塘樱园5幢商铺9号,13958152093,杭州元祥健康管理有限公司颜三路中医诊所,
杭州问安文一医疗管理有限公司问安中医诊所,医疗机构,门诊部诊所医务室村卫生室,一级,杭州市西湖区文一路190-1号,13857152431,杭州问安文一医疗管理有限公司问安中医诊所,
杭州余杭佳辰中西医结合门诊部,医疗机构,门诊部诊所医务室村卫生室,一级,杭州市余杭区南苑街道迎宾路273-59号,,杭州余杭佳辰中西医结合门诊部,
杭州固本堂中医诊所,医疗机构,门诊部诊所医务室村卫生室,一级,拱墅区建工路52号,88312868,杭州固本堂中医诊所,
杭州德奥健康管理有限公司六合口腔门诊部,医疗机构,门诊部诊所医务室村卫生室,一级,杭州市滨江区滨盛路4400-2号,18957132586,杭州德奥健康管理有限公司六合口腔门诊部,
杭州市第七人民医院,医疗机构,医院,三级,"""浙江省杭州市西湖区古荡街道天目山路305号",0571-85125990,杭州市第七人民医院,
杭州全景医学影像诊断中心,医疗机构,门诊部诊所医务室村卫生室,一级,杭州市上城区江城路893号-1,13616521899,杭州全景医学影像诊断中心,
浙江工商大学杭州商学院医务室,医疗机构,门诊部诊所医务室村卫生室,一级,杭州市桐庐县环城东路77号,69936024,浙江工商大学杭州商学院医务室,
杭州齐尔口腔门诊部,医疗机构,门诊部诊所医务室村卫生室,一级,杭州市下城区体育场路390-396号,15685551666,杭州齐尔口腔门诊部,
浙江家家健康控股股份有限公司杭州丁兰西医诊所,医疗机构,门诊部诊所医务室村卫生室,一级,杭州市江干区环丁路1546号,82695400,浙江家家健康控股股份有限公司杭州丁兰西医诊所,
杭州慈养护理院,医疗机构,医院,一级,下城区永华街57号,85863853,杭州慈养护理院,
杭州善美口腔门诊部,医疗机构,门诊部诊所医务室村卫生室,一级,滨江区浦沿街道璞悦湾28-216-221,13757181146,杭州善美口腔门诊部,
杭州杭航健康管理有限公司杭行口腔诊所,医疗机构,门诊部诊所医务室村卫生室,一级,杭州市拱墅区风景街323、325号,13777868566,杭州杭航健康管理有限公司杭行口腔诊所,
杭州市西湖区杨德皓中医诊所,医疗机构,门诊部诊所医务室村卫生室,一级,西湖区三墩镇城北商贸园41幢18号,18506831211,杭州市西湖区杨德皓中医诊所,
杭州尚佳健康管理有限公司紫花路口腔诊所,医疗机构,门诊部诊所医务室村卫生室,一级,杭州市上城区紫花路65-1号,13764399263,杭州尚佳健康管理有限公司紫花路口腔诊所,
杭州方回春堂集团有限公司城西中医门诊部,医疗机构,门诊部诊所医务室村卫生室,一级,古墩路69号1-2,81182299,杭州方回春堂集团有限公司城西中医门诊部,
杭州全日医康大塘中西医结合诊所,医疗机构,门诊部诊所医务室村卫生室,一级,杭州市拱墅区米市巷街道文晖路360号,87999265,杭州全日医康大塘中西医结合诊所,
杭州新苗中医门诊部有限公司,医疗机构,门诊部诊所医务室村卫生室,一级,上城区南瓦子巷15号,85222230,杭州新苗中医门诊部有限公司,
富阳中医骨髓炎医院,医疗机构,医院,一级,杭州市富阳区富春街道巨利路23号,13362116177,富阳中医骨髓炎医院,
杭州钱塘新区和禾康复医院,医疗机构,门诊部诊所医务室村卫生室,一级,杭州钱塘新区七格路465号,85080363,杭州钱塘新区和禾康复医院,
杭州学林诊所,医疗机构,省本级定点,一级,杭州经济技术开发区学林街1307、1309号,18357152688,杭州学林诊所,基本、离休、子女
浙江家家健康实业有限公司余杭临平保健路诊所,医疗机构,门诊部诊所医务室村卫生室,一级,杭州市余杭区临平街道保健路星育佳园9幢236、238号,,浙江家家健康实业有限公司余杭临平保健路诊所,
杭州雨花医疗管理有限公司余杭五常宋家塆路诊所,医疗机构,门诊部诊所医务室村卫生室,一级,杭州市余杭区五常街道浙地人家小区23-18号商铺,18758187627,杭州雨花医疗管理有限公司余杭五常宋家塆路诊所,
杭州申花健康管理有限公司申花路口腔诊所,医疗机构,门诊部诊所医务室村卫生室,一级,杭州市西湖区申花路388号西城年华商铺19号,13336098585-88955158,杭州申花健康管理有限公司申花路口腔诊所,
杭州问安中医诊所,医疗机构,门诊部诊所医务室村卫生室,一级,下城区中山北路596号海棠阁1A,85831166,杭州问安中医诊所,
中国计量大学校医院,医疗机构,门诊部诊所医务室村卫生室,一级,杭州经济开发区下沙学源街258号,13735507546,中国计量大学校医院,
杭州市西湖区留下街道社区卫生服务中心,医疗机构,社区卫生服务中心,社区,杭州市西湖区留下屏基山路8号,13646863337,杭州市西湖区留下街道社区卫生服务中心,
杭州余泽斋如晓中医诊所,医疗机构,门诊部诊所医务室村卫生室,一级,杭州市上城区清江路288-3、288-4,15057170012,杭州余泽斋如晓中医诊所,
杭州下城金玉口腔门诊部,医疗机构,门诊部诊所医务室村卫生室,一级,杭州市下城区建国北路367-369号,13588189891,杭州下城金玉口腔门诊部,
杭州和经堂中医诊所有限公司,医疗机构,门诊部诊所医务室村卫生室,一级,杭州市西湖区宝石二路2号,13250810589,杭州和经堂中医诊所有限公司,
杭州余杭本治中医门诊部,医疗机构,门诊部诊所医务室村卫生室,一级,余杭区临平荷花塘汀州路88-94,89188186,杭州余杭本治中医门诊部,
杭州西湖儿童口腔医院,医疗机构,医院,一级,杭州市西湖区古墩路20号,13958171454,杭州西湖儿童口腔医院,
杭州上医尚方医疗管理有限公司余杭闲林山水居诊所,医疗机构,门诊部诊所医务室村卫生室,一级,余杭区闲林街道山水居梅兰苑4幢4-3室,85859282,杭州上医尚方医疗管理有限公司余杭闲林山水居诊所,
杭州江干梁德斐中医诊所,医疗机构,门诊部诊所医务室村卫生室,一级,杭州市江干区同协路14号,15657166000,杭州江干梁德斐中医诊所,
杭州首佳口腔门诊部,医疗机构,门诊部诊所医务室村卫生室,一级,杭州余杭区良褚街道良褚文化村白鹭郡南146幢146-1室A,88586706,杭州首佳口腔门诊部,
杭州江城骨科医院,医疗机构,医院,二级,杭州市下城区体育场路71号,13777836485,杭州江城骨科医院,
杭州余杭吾航中西医结合门诊部,医疗机构,门诊部诊所医务室村卫生室,一级,杭州市余杭区运河街道五杭繁荣路33号,81115858,杭州余杭吾航中西医结合门诊部,
杭州韩诺医疗门诊部有限公司,医疗机构,门诊部诊所医务室村卫生室,一级,杭州市解放东路37号财富金融中心西楼29楼,13819180670,杭州韩诺医疗门诊部有限公司,
杭州德康堂健康管理有限公司灯彩街中医诊所,医疗机构,门诊部诊所医务室村卫生室,一级,西湖区灯彩街177-4号,13858130626,杭州德康堂健康管理有限公司灯彩街中医诊所,
杭州之江度假区御仁堂医疗门诊部,医疗机构,门诊部诊所医务室村卫生室,一级,杭州市转塘街道云溪香山创意园4幢301-304室,13857110501,杭州之江度假区御仁堂医疗门诊部,
杭州行易堂中医门诊部,医疗机构,门诊部诊所医务室村卫生室,一级,莫干山路777-779号,13575777990,杭州行易堂中医门诊部,
杭州江干和康第二康复医院,医疗机构,医院,一级,杭州市江干区兴业路366号俞章路98号,15158843570,杭州江干和康第二康复医院,
杭州贝源健康管理有限公司益乐路口腔诊所,医疗机构,门诊部诊所医务室村卫生室,一级,杭州市西湖区益乐路14-2号,13675823272,杭州贝源健康管理有限公司益乐路口腔诊所,
杭州海川医药连锁有限公司富阳迎宾中医诊所,医疗机构,门诊部诊所医务室村卫生室,一级,杭州市富阳区富春街道恩波大道274-280,6333910,杭州海川医药连锁有限公司富阳迎宾中医诊所,
浙江省公安厅卫生所,医疗机构,门诊部诊所医务室村卫生室,一级,杭州市上城区民生路64-2号,87286498,浙江省公安厅卫生所,
杭州正诚中医诊所,医疗机构,门诊部诊所医务室村卫生室,一级,杭州市江干区肖苑1幢底商18,18857166670,杭州正诚中医诊所,
杭州市江干区吴云才口腔诊所,医疗机构,门诊部诊所医务室村卫生室,一级,闸弄口街道机场路147号,13325715307,杭州市江干区吴云才口腔诊所,
杭州桐君堂东新中医门诊部,医疗机构,门诊部诊所医务室村卫生室,一级,杭州市下城区东新路737号1一3层,13675822601,杭州桐君堂东新中医门诊部,
杭州源芝中医门诊部,医疗机构,门诊部诊所医务室村卫生室,一级,杭州市江干区丁桥镇明珠街34号二楼、36号,13857141863,杭州源芝中医门诊部,
杭州凯丽健康咨询有限公司丽江公寓诊所,医疗机构,门诊部诊所医务室村卫生室,一级,江干区丽江公寓底商（临）81、（临）82号,87778120,杭州凯丽健康咨询有限公司丽江公寓诊所,
杭州下沙梦欣综合门诊部,医疗机构,门诊部诊所医务室村卫生室,一级,杭州经济技术开发区铭和苑柳翠坊6幢商铺2号,15957178808,杭州下沙梦欣综合门诊部,
杭州桐春中医门诊部有限公司,医疗机构,门诊部诊所医务室村卫生室,一级,滨江区浦沿路106-3号,13157197381,杭州桐春中医门诊部有限公司,
杭州市西湖区蒋村街道社区卫生服务中心,医疗机构,社区卫生服务中心,社区,杭州市晴川街405号,13067953008,杭州市西湖区蒋村街道社区卫生服务中心,
杭州方回春堂信源中医门诊部,医疗机构,门诊部诊所医务室村卫生室,一级,杭州市拱墅区半山街道广济路189号、189号3幢、189号5,13735538170,杭州方回春堂信源中医门诊部,
杭州健昌健康管理有限公司董家路口腔诊所,医疗机构,门诊部诊所医务室村卫生室,一级,西湖区兰韵天城9幢底商3号,13758139860,杭州健昌健康管理有限公司董家路口腔诊所,
杭州崇本堂健康管理有限公司余杭良褚铭雅苑中医诊所,医疗机构,门诊部诊所医务室村卫生室,一级,杭州市余杭区良褚街道金家渡村铭雅苑49幢02号,86145172,杭州崇本堂健康管理有限公司余杭良褚铭雅苑中医诊所,
杭州东骅康复医院,医疗机构,医院,一级,杭州市拱墅区康桥路8号,13588441894,杭州东骅康复医院,
杭州市拱墅区半山街道社区卫生服务中心,医疗机构,社区卫生服务中心,社区,杭州市半山镇半山路47号,13067915282,杭州市拱墅区半山街道社区卫生服务中心,
杭州桐君堂中医门诊部,医疗机构,门诊部诊所医务室村卫生室,一级,浙江省杭州市西湖区北山街道体育场路474号二、三、五、六楼,,杭州桐君堂中医门诊部,
杭州东辰口腔门诊部,医疗机构,门诊部诊所医务室村卫生室,一级,杭州市江干区晨光绿苑（南苑）4幢底商2号,28205888,杭州东辰口腔门诊部,
杭州博凡口腔医院有限公司,医疗机构,门诊部诊所医务室村卫生室,一级,杭州市江干区四季青街道新塘路108号杭州天虹A座6层#601号,85215085,杭州博凡口腔医院有限公司,
浙江日报报业集团医务室,医疗机构,门诊部诊所医务室村卫生室,一级,杭州市体育场路178号医务室,13606517679,浙江日报报业集团医务室,
杭州茂美医疗投资管理有限公司义蓬口腔诊所,医疗机构,省本级定点,一级,大江东义蓬街道义盛路513、515、517号,82502931,杭州茂美医疗投资管理有限公司义蓬口腔诊所,基本、离休、子女
浙江家家健康控股股份有限公司杭州丁桥西医诊所,医疗机构,门诊部诊所医务室村卫生室,一级,杭州江干区环丁东支路41/43号,82811692,浙江家家健康控股股份有限公司杭州丁桥西医诊所,
杭州品凯医疗管理有限公司绍兴路口腔门诊部,医疗机构,门诊部诊所医务室村卫生室,一级,杭州市下城区绍兴路168号201室,18368849387,杭州品凯医疗管理有限公司绍兴路口腔门诊部,
杭州行易堂凤起中医门诊部,医疗机构,门诊部诊所医务室村卫生室,一级,杭州下城区凤起路285号三楼,13575777990,杭州行易堂凤起中医门诊部,
杭州市江干区彭埠街道普福社区卫生站,医疗机构,社区卫生服务中心,社区,杭州市普福大道316号,13735890532,杭州市江干区彭埠街道普福社区卫生站,
杭州德道中医健康管理有限公司月明路中医诊所,医疗机构,门诊部诊所医务室村卫生室,一级,杭州市滨江区花苑住宅小区配套商业住房月明路327号,0571-86952179,杭州德道中医健康管理有限公司月明路中医诊所,
杭州吉天合堂中医门诊部,医疗机构,门诊部诊所医务室村卫生室,一级,杭州市拱墅区莫干山路599-3,85455216,杭州吉天合堂中医门诊部,
中国银行股份有限公司浙江省分行医务室,医疗机构,门诊部诊所医务室村卫生室,一级,杭州凤起路321号708房间,57185010290,中国银行股份有限公司浙江省分行医务室,
浙江家家健康控股股份有限公司杭州下城华悦诊所,医疗机构,门诊部诊所医务室村卫生室,一级,杭州下城区亿城嘉园（商）32,82811692,浙江家家健康控股股份有限公司杭州下城华悦诊所,
杭州华方医院,医疗机构,医院,一级,杭州市余杭区五常街道联胜路10号1幢,0571-89305328,杭州华方医院,
杭州华方医疗投资管理有限公司隐秀路诊所,医疗机构,门诊部诊所医务室村卫生室,一级,杭州市拱墅区隐秀路332、332一1号商业用房,,杭州华方医疗投资管理有限公司隐秀路诊所,
杭州一牙口腔门诊部,医疗机构,门诊部诊所医务室村卫生室,一级,杭州市拱墅区湖墅南路244号二楼,86031131,杭州一牙口腔门诊部,
杭州良济和凤起中医门诊部有限公司,医疗机构,门诊部诊所医务室村卫生室,一级,杭州市下城区凤起路332号1-2层、334号301-6室（临）,15158036929,杭州良济和凤起中医门诊部有限公司,
杭州国大口腔门诊部,医疗机构,门诊部诊所医务室村卫生室,一级,杭州市下城区体育场路333号1幢7楼,13958157945,杭州国大口腔门诊部,
杭州增颜口腔诊所,医疗机构,门诊部诊所医务室村卫生室,一级,滨江区长河街道滨文路103号,13819922111,杭州增颜口腔诊所,
杭州厚诚医疗门诊部,医疗机构,门诊部诊所医务室村卫生室,一级,杭州市西湖区三墩镇厚仁路227号、229号,13858093515,杭州厚诚医疗门诊部,
杭州西湖高建宇口腔诊所,医疗机构,门诊部诊所医务室村卫生室,一级,杭州市三墩镇城北高贸园1幢105,15306537865,杭州西湖高建宇口腔诊所,
杭州名方中医门诊部有限公司滨盛路门诊部,医疗机构,门诊部诊所医务室村卫生室,一级,杭州市滨江区滨盛路4400-6号,0571-88321203,杭州名方中医门诊部有限公司滨盛路门诊部,
杭州红房子妇产医院,医疗机构,医院,一级,杭州市下城区体育场路286号,28189875,杭州红房子妇产医院,
杭州臣品口腔诊所有限公司,医疗机构,门诊部诊所医务室村卫生室,一级,西湖区西溪花园龙章路137号,13588878824,杭州臣品口腔诊所有限公司,
杭州保济堂中医门诊部,医疗机构,门诊部诊所医务室村卫生室,一级,杭州市江干区凯旋路134号,18989489056,杭州保济堂中医门诊部,
杭州市下城区长庆潮鸣街道社区卫生服务中心(下城区妇幼保健院),医疗机构,社区卫生服务中心,社区,杭州市新华路86号,13606605474,杭州市下城区长庆潮鸣街道社区卫生服务中心(下城区妇幼保健院),
杭州正道口腔门诊部有限公司,医疗机构,门诊部诊所医务室村卫生室,一级,江干区环站东路777号,85104599,杭州正道口腔门诊部有限公司,
杭州易圣口腔门诊部,医疗机构,门诊部诊所医务室村卫生室,一级,朝晖路136号,0571-85088556,杭州易圣口腔门诊部,
杭州滨江刘玉良中医诊所,医疗机构,门诊部诊所医务室村卫生室,一级,滨江区西兴街道连园商铺26号,13656653154,杭州滨江刘玉良中医诊所,
杭州郡康怡德医院,医疗机构,医院,一级,拱墅区学院北路22-32（一、二层），隐秀路209、211、213、219、211号（一层、二层）,13906522116,杭州郡康怡德医院,
杭州萧山宝苑医院,医疗机构,医院,一级,萧山区南阳街道向阳路699号,13575497919,杭州萧山宝苑医院,
杭州艾维雅文口腔门诊部,医疗机构,门诊部诊所医务室村卫生室,一级,潮王路55号东方豪园2A,13588730420,杭州艾维雅文口腔门诊部,
杭州清途口腔门诊部,医疗机构,门诊部诊所医务室村卫生室,一级,江干区兴水弄66号、68号,18367104730,杭州清途口腔门诊部,
杭州喜鹊综合门诊部,医疗机构,门诊部诊所医务室村卫生室,一级,杭州市上城区解放路138号1号楼106室,13615710530,杭州喜鹊综合门诊部,
杭州市红十字会医院（浙江省中西医结合医院）,医疗机构,医院,三级,"""浙江省杭州市下城区潮鸣街道环城东路208号",0571-56109540,杭州市红十字会医院（浙江省中西医结合医院）,
杭州咏芝元中医诊所有限公司,医疗机构,门诊部诊所医务室村卫生室,一级,下城区体育场路220号,85052483,杭州咏芝元中医诊所有限公司,
浙江艾博医学保健中心,医疗机构,门诊部诊所医务室村卫生室,一级,杭州市下城区白石路311号,17348510273,浙江艾博医学保健中心,
杭州瑞金门诊部,医疗机构,门诊部诊所医务室村卫生室,一级,杭州市江干区九堡镇杭海路926号,18367108786,杭州瑞金门诊部,
杭州孙泰和和平广场中医门诊部,医疗机构,门诊部诊所医务室村卫生室,一级,下城区绍兴路187号野风现代之窗大厦201室,13634193612,杭州孙泰和和平广场中医门诊部,
杭州玖和口腔门诊部,医疗机构,门诊部诊所医务室村卫生室,一级,西湖区西溪公园国际商务中心20号楼2层,18757124177,杭州玖和口腔门诊部,
杭州至尚口腔门诊部有限公司,医疗机构,门诊部诊所医务室村卫生室,一级,杭州市滨江区春晓路520号-522号二楼,86604990,杭州至尚口腔门诊部有限公司,
杭州启承中医诊所,医疗机构,门诊部诊所医务室村卫生室,一级,拱墅区丽晶湾路91号一层,13805746884,杭州启承中医诊所,
杭州泽邻健康管理有限公司建塘路中西医结合诊所,医疗机构,省本级定点,一级,杭州市江干区建塘路376号,18058786854,杭州泽邻健康管理有限公司建塘路中西医结合诊所,基本、离休、子女
浙江省中医院,医疗机构,医院,三级,"""浙江省杭州市上城区湖滨街道邮电路54号",0571-87071635,浙江省中医院,
浙江省未成年犯管教所卫生所,医疗机构,门诊部诊所医务室村卫生室,一级,杭州市下沙开发区光明路1号,13754326957,浙江省未成年犯管教所卫生所,
杭州百喜堂中医诊所,医疗机构,门诊部诊所医务室村卫生室,一级,西湖区冠苑商铺1号,89026388,杭州百喜堂中医诊所,
杭州葆臻堂健康管理有限公司古墩路中医诊所,医疗机构,门诊部诊所医务室村卫生室,一级,杭州市西湖区古墩路549号,17767079797,杭州葆臻堂健康管理有限公司古墩路中医诊所,
杭州博济健康管理有限公司古墩路医疗门诊部,医疗机构,门诊部诊所医务室村卫生室,一级,杭州市西湖区古墩路238号,13008915988,杭州博济健康管理有限公司古墩路医疗门诊部,
杭州市拱墅区温州路社区卫生服务站,医疗机构,社区卫生服务中心,社区,拱宸桥上塘路999号,15988442141,杭州市拱墅区温州路社区卫生服务站,
杭州市西湖区袁浦社区卫生服务中心,医疗机构,社区卫生服务中心,社区,西湖区袁浦街106号,87645205,杭州市西湖区袁浦社区卫生服务中心,
杭州市江干区四季青街道社区卫生服务中心,医疗机构,社区卫生服务中心,社区,"""浙江省杭州市江干区四季青街道江中路1号",15268575915,杭州市江干区四季青街道社区卫生服务中心,
杭州桥岭健康管理有限公司上塘路口腔诊所,医疗机构,门诊部诊所医务室村卫生室,一级,杭州市拱墅区上塘路1031号102室,86809113,杭州桥岭健康管理有限公司上塘路口腔诊所,
杭州泰山堂中医门诊部,医疗机构,门诊部诊所医务室村卫生室,一级,杭州市上城区中山南路390-396号,15888801675,杭州泰山堂中医门诊部,
浙江家家健康控股股份有限公司余杭狮山路诊所,医疗机构,门诊部诊所医务室村卫生室,一级,杭州市余杭区余杭街道狮山路492-9、492-10号,,浙江家家健康控股股份有限公司余杭狮山路诊所,
杭州胡庆余堂国药号有限公司古墩中医诊所,医疗机构,门诊部诊所医务室村卫生室,一级,杭州市西湖区古墩路565号,18668118090,杭州胡庆余堂国药号有限公司古墩中医诊所,
杭州文溪鼎园口腔门诊部,医疗机构,门诊部诊所医务室村卫生室,一级,杭州市西湖区文溪鼎园南天巷7号,18658823858,杭州文溪鼎园口腔门诊部,
杭州市西溪医院,医疗机构,医院,三级,"""浙江省杭州市西湖区留下街道横埠街2号",0571-86481718,杭州市西溪医院,
杭州殳康健康管理咨询有限公司六号大街中医诊所,医疗机构,门诊部诊所医务室村卫生室,一级,杭州经济技术开发区6号大街628-2号、630号,18958004233,杭州殳康健康管理咨询有限公司六号大街中医诊所,
杭州方回春堂三墩中医门诊部,医疗机构,门诊部诊所医务室村卫生室,一级,西湖区欣然街36号七号楼二楼、102室,88368816,杭州方回春堂三墩中医门诊部,
杭州文新西医内科门诊部,医疗机构,门诊部诊所医务室村卫生室,一级,文一西路173号,18758002046,杭州文新西医内科门诊部,
萧山爱心连锁卫生服务站,医疗机构,社区卫生服务中心,社区,萧山区山阳路236号,,萧山爱心连锁卫生服务站,
杭州清扬医院,医疗机构,医院,一级,杭州市西湖区留泗路1号,15258852175,杭州清扬医院,
杭州依家诊所,医疗机构,门诊部诊所医务室村卫生室,一级,杭州市下城区东新园小区东荷星苑2幢底层,13306516924,杭州依家诊所,
杭州睿兴堂中医诊所有限公司,医疗机构,门诊部诊所医务室村卫生室,一级,杭州市江干区新风路731号,15336892449,杭州睿兴堂中医诊所有限公司,
杭州德嘉堂健康管理有限公司余杭塘路中医诊所,医疗机构,门诊部诊所医务室村卫生室,一级,西湖区余杭塘路803号冠苑13幢101室,81308305,杭州德嘉堂健康管理有限公司余杭塘路中医诊所,
浙江同济科技职业学院医务室,医疗机构,门诊部诊所医务室村卫生室,一级,杭州萧山高教园区耕文路418号,13857101920,浙江同济科技职业学院医务室,
杭州丹青江南医院,医疗机构,医院,二级,杭州市拱墅区莫干山路1379号,86568072,杭州丹青江南医院,
杭州国雅口腔医院有限公司,医疗机构,医院,一级,杭州市萧山区城厢街道文化路291号,82639999,杭州国雅口腔医院有限公司,
浙江岀入境边防检查总站警务保障中心综合门诊部,医疗机构,医院,一级,萧山区新街街道盛乐村8组66号,13989883281,浙江岀入境边防检查总站警务保障中心综合门诊部,
